CODICESCUOLA,DISCIPLINA,CODICEISBN,AUTORI,TITOLO,VOLUME,EDITORE,PREZZO (EURO)
RMPS50000T,ITALIANO GRAMMATICA,9.79E+12,SENSINI MARCELLO,LINGUA E I TESTI (LA) VOL A + B + CD-ROM,U,A. MONDADORI SCUOLA,"40,65"
RMPC06201P,ITALIANO GRAMMATICA,9.79E+12,SENSINI M.,LINGUA E I TESTI (LA) VOL 1+VOL 2+FASCICOLO,U,A. MONDADORI SCUOLA,"36,65"
RIMM808033,SCIENZE MOTORIE E SPORTIVE,9.79E+12,EID LUCA - BARTOLI LAURA - MERATI MATTEO,PT - IL MIO PERSONAL TRAINER,U,A. MONDADORI SCUOLA,"16,05"
VTPS00101C,SCIENZE DELLA TERRA,9.79E+12,CRIPPA MASSIMO - FIORANI MARCO,TERRA DA SCOPRIRE,U,A. MONDADORI SCUOLA,"27,65"
RMPC12000C,ITALIANO GRAMMATICA,9.79E+12,SENSINI MARCELLO,FORME DELLA LINGUA (LE),U,A. MONDADORI SCUOLA,"36,55"
RMRC10201G,STORIA,9.79E+12,CALVANI VITTORIA,IMPEGNO E MEMORIA 2,2,A. MONDADORI SCUOLA,"20,70"
RMMM848012,ITALIANO GRAMMATICA,9.79E+12,SENSINI MARCELLO,PAROLE COME STRUMENTI A+B+CD,U,A. MONDADORI SCUOLA,"36,95"
RMMM870039,ITALIANO,9.79E+12,MANZONI ALESSANDRO,PROMESSI SPOSI (I),U,A. MONDADORI SCUOLA,"12,25"
RMPC27000A,ITALIANO GRAMMATICA,9.79E+12,SENSINI MARCELLO,FORME DELLA LINGUA (LE),U,A. MONDADORI SCUOLA,"39,00"
FRPS070001,ITALIANO GRAMMATICA,9.79E+12,SENSINI MARCELLO,FORME DELLA LINGUA (LE),U,A. MONDADORI SCUOLA,"34,00"
FRPS02000X,SCIENZE MOTORIE E SPORTIVE,9.79E+12,GIORGETTI M.G. - FOCACCI P. - ORAZI U.,A 360 - SCIENZE MOTORIE E SPORTIVE,U,A. MONDADORI SCUOLA,"25,85"
FRPC024015,LINGUA E LETTERATURA ITALIANA,9.79E+12,CIOCCA DANIELA - FERRI TINA,NUOVO NARRAMI O MUSA (IL),U,A. MONDADORI SCUOLA,"28,85"
LTMM825016,STORIA,9.79E+12,CALVANI VITTORIA,STORYBOARD VOL 1 + SINTESI STORIA ANTICA + ME BOOK ED. DIGIT,1,A. MONDADORI SCUOLA,"28,40"
RMMM84501E,STORIA,9.79E+12,CALVANI VITTORIA,STORYBOARD VOL 1 + ME-BOOK ED. DIGIT,1,A. MONDADORI SCUOLA,"25,85"
LTMM825016,STORIA,9.79E+12,CALVANI VITTORIA,STORYBOARD VOL 2 + ME-BOOK ED. DIGIT,2,A. MONDADORI SCUOLA,"29,70"
LTMM825016,STORIA,9.79E+12,CALVANI VITTORIA,STORYBOARD VOL 3 + ME - BOOK ED. DIGIT,3,A. MONDADORI SCUOLA,"30,95"
RMMM8AM017,ITALIANO,9.79E+12,BAUER M. G.,NON CHIAMATEMI ISMAELE,U,A. MONDADORI SCUOLA,"10,45"
RMTF110003,CHIMICA,9.79E+12,TOTTOLA F - RIGHETTI M - ALLEGREZZA A,CHIMICA PER NOI VOL.UNICO 3+4+ DVD,U,A. MONDADORI SCUOLA,"34,30"
LTMM826012,STORIA,9.79E+12,CALVANI VITTORIA,STORYBOARD VOL 1 + SINTESI STORIA ANTICA - PDF,1,A. MONDADORI SCUOLA,"22,14"
RMMM8EB01N,STORIA,9.79E+12,CALVANI VITTORIA,STORYBOARD VOL 2 - PDF,2,A. MONDADORI SCUOLA,"23,20"
RMPM160003,ITALIANO GRAMMATICA,9.79E+12,SENSINI MARCELLO,FORME DELLA LINGUA (LE)  PDF,U,A. MONDADORI SCUOLA,"28,55"
RIPS070005,ITALIANO GRAMMATICA,9.79E+12,SENSINI MARCELLO,PAROLE E I TESTI (LE),U,A. MONDADORI SCUOLA,"41,95"
RIPS070005,ITALIANO GRAMMATICA,9.79E+12,SENSINI MARCELLO,PAROLE E I TESTI (LE),U,A. MONDADORI SCUOLA,"39,55"
FRPC024015,FILOSOFIA,9.79E+12,CHIARADONNA RICCARDO - PECERE PAOLO,FILOSOFIA. LA RICERCA DELLA CONOSCENZA,1,A. MONDADORI SCUOLA,"34,15"
FRPC024015,FILOSOFIA,9.79E+12,CHIARADONNA RICCARDO - PECERE PAOLO,FILOSOFIA. LA RICERCA DELLA CONOSCENZA,2,A. MONDADORI SCUOLA,"44,60"
FRPC024015,FILOSOFIA,9.79E+12,CHIARADONNA RICCARDO - PECERE PAOLO,FILOSOFIA. LA RICERCA DELLA CONOSCENZA,3,A. MONDADORI SCUOLA,"44,60"
FRMM82601A,ARTE E IMMAGINE,9.79E+12,POGGI LAURA - BALDUCCI E - MORETTI CRISTINA,ARTE IN MOSTRA,U,A. MONDADORI SCUOLA,"34,10"
RMTF200009,ITALIANO,9.79E+12,FRANZI TIZIANO,PROVA INVALSI DI ITALIANO (LA),U,A. MONDADORI SCUOLA,"8,80"
VTPS010006,CHIMICA,9.79E+12,TOTTOLA F. - RIGHETTI M. - ALLEGREZZA A.,CHIMICA ORGANICA,U,A. MONDADORI SCUOLA,"12,80"
FRMM849013,ITALIANO GRAMMATICA,9.79E+12,SENSINI MARCELLO,COMPETENZA LINGUISTICA (LA),U,A. MONDADORI SCUOLA,"38,40"
LTMM83601L,ITALIANO GRAMMATICA,9.79E+12,SENSINI MARCELLO,COMPETENZA LINGUISTICA (LA),U,A. MONDADORI SCUOLA,"29,90"
RMPS49000C,ITALIANO GRAMMATICA,9.79E+12,SENSINI MARCELLO,PAROLE E I TESTI (LE)  PDF,U,A. MONDADORI SCUOLA,"30,93"
RMPC09000T,SCIENZE MOTORIE E SPORTIVE,9.79E+12,GIORGETTI M.G. - FOCACCI P. - ORAZI U.,A 360 - SCIENZE MOTORIE E SPORTIVE PDF,U,A. MONDADORI SCUOLA,"20,18"
RIPS070005,ITALIANO GRAMMATICA,9.79E+12,SENSINI MARCELLO,PAROLE E I TESTI (LE),U,A. MONDADORI SCUOLA,"29,70"
RMMM8A001G,ITALIANO GRAMMATICA,9.79E+12,SENSINI MARCELLO,COMPETENZA LINGUISTICA (LA)   PDF,U,A. MONDADORI SCUOLA,"23,39"
VTMM813015,ITALIANO,9.79E+12,CALVANI VITTORIA - VOLANTE MICHELA,RAGAZZI OGGI,U,A. MONDADORI SCUOLA,"13,90"
FRMM82002C,SCIENZE,9.79E+12,ZANOLI STEFANO,WOW   LA SCIENZA,1,A. MONDADORI SCUOLA,"14,80"
FRMM85501A,SCIENZE,9.79E+12,ZANOLI STEFANO,WOW   LA SCIENZA,U,A. MONDADORI SCUOLA,"37,85"
FRMM85301P,ITALIANO ANTOLOGIA,9.79E+12,FERRI CHIARA - MATTEI LUCA,COLORI PER LEGGERE,1,A. MONDADORI SCUOLA,"30,15"
FRMM85301P,ITALIANO ANTOLOGIA,9.79E+12,FERRI CHIARA - MATTEI LUCA,COLORI PER LEGGERE,2,A. MONDADORI SCUOLA,"31,40"
FRMM85301P,ITALIANO ANTOLOGIA,9.79E+12,FERRI CHIARA - MATTEI LUCA,COLORI PER LEGGERE,3,A. MONDADORI SCUOLA,"30,15"
FRTD01902N,ITALIANO GRAMMATICA,9.79E+12,SENSINI MARCELLO,PORTE APERTE - L'ITALIANO PER TUTTI,U,A. MONDADORI SCUOLA,"25,60"
FRRH007018,ITALIANO,9.79E+12,FRANZI TIZIANO,PROVA INVALSI (LA) DI ITALIANO,U,A. MONDADORI SCUOLA,"10,00"
RMMM8FB018,MATEMATICA,9.79E+12,ROSSI GIULIETTA,TRAGUARDI E COMPETENZE,1,A. MONDADORI SCUOLA,"26,20"
RMMM8FB018,MATEMATICA,9.79E+12,ROSSI GIULIETTA,TRAGUARDI E COMPETENZE,2,A. MONDADORI SCUOLA,"26,20"
RMMM8ED019,MATEMATICA,9.79E+12,ROSSI GIULIETTA,TRAGUARDI E COMPETENZE,3,A. MONDADORI SCUOLA,"26,20"
LTTD01701L,SCIENZE MOTORIE E SPORTIVE,9.79E+12,GIORGETTI GIOVANNA - FOCACCI PAOLA - ORAZI UMBERTO,A 360 - ALLENARSI,U,A. MONDADORI SCUOLA,"17,40"
LTTD01701L,SCIENZE MOTORIE E SPORTIVE,9.79E+12,GIORGETTI GIOVANNA - FOCACCI PAOLA - ORAZI UUMBERTO,A 360 - CONOSCERSI E PROTEGGERSI,U,A. MONDADORI SCUOLA,"10,85"
RMPC200004,SCIENZE DELLA TERRA,9.79E+12,CRIPPA MASSIMO - FIORANI MARCO,SISTEMA TERRA -  EDIZIONE DIGIT,U,A. MONDADORI SCUOLA,"20,10"
FRPC00101C,SCIENZE NATURALI,9.79E+12,CRIPPA MASSIMO - FIORANI MARCO - NEPGEN DONATELLA,SCIENZE NATURALI VOL 1 2A EDIZ,1,A. MONDADORI SCUOLA,"24,40"
RMPC030006,SCIENZE MOTORIE E SPORTIVE,9.79E+12,GIORGETTI GIOVANNA - FOCACCI PAOLA - ORAZI UUMBERTO,A 360 - ALLENARSI - MB + CONT DIGIT,U,A. MONDADORI SCUOLA,"13,54"
RMTF08401R,ITALIANO GRAMMATICA,9.79E+12,SENSINI MARCELLO,PORTE APERTE - L'ITALIANO PER TUTTI - M.B. + CONT. DIGIT,U,A. MONDADORI SCUOLA,"19,95"
LTMM826012,ITALIANO,9.79E+12,MOLESINI,AVVENTURA DI ULISSE (L'),U,A. MONDADORI SCUOLA,"9,00"
LTTF01301G,ITALIANO GRAMMATICA,9.79E+12,SENSINI MARCELLO,PORTE APERTE VOLUME UNICO,U,A. MONDADORI SCUOLA,"22,10"
RMTD099029,ITALIANO GRAMMATICA,9.79E+12,SENSINI MARCELLO,PORTE APERTE VOLUME UNICO - M.B. + CONT. DIGIT,U,A. MONDADORI SCUOLA,"17,20"
FRMM80801R,ITALIANO GRAMMATICA,9.79E+12,SENSINI MARCELLO,IN CHIARO,U,A. MONDADORI SCUOLA,"35,70"
FRMM82001B,ITALIANO GRAMMATICA,9.79E+12,SENSINI MARCELLO,IN CHIARO,U,A. MONDADORI SCUOLA,"29,80"
FRMM82001B,ITALIANO GRAMMATICA,9.79E+12,SENSINI MARCELLO,IN CHIARO,U,A. MONDADORI SCUOLA,"6,80"
FRMM82602B,STORIA,9.79E+12,CALVANI VITTORIA,STORIEMONDI,1,A. MONDADORI SCUOLA,"25,50"
LTMM838018,STORIA,9.79E+12,CALVANI VITTORIA,STORIEMONDI,2,A. MONDADORI SCUOLA,"27,10"
FRMM82602B,STORIA,9.79E+12,CALVANI VITTORIA,STORIEMONDI,3,A. MONDADORI SCUOLA,"28,25"
RMMM89301X,STORIA,9.79E+12,CALVANI VITTORIA,STORIEMONDI,1,A. MONDADORI SCUOLA,"5,25"
LTTD11000N,STORIA,9.79E+12,CALVANI,SULLE VIE DEL PASSATO,1,A. MONDADORI SCUOLA,"25,30"
LTTD11000N,STORIA,9.79E+12,CALVANI,SULLE VIE DEL PASSATO,2,A. MONDADORI SCUOLA,"22,55"
FRRH007018,STORIA,9.79E+12,CALVANI,STORIA E PROGETTO,1,A. MONDADORI SCUOLA,"20,75"
RMMM8DY012,ITALIANO,9.79E+12,BOCCACCIO,DECAMERONE,U,A. MONDADORI SCUOLA,"9,00"
RMMM8FD01X,ITALIANO,9.79E+12,FESTA G,PASSAGGIO DELL'ORSO (IL),U,A. MONDADORI SCUOLA,"9,80"
FRPC024015,ITALIANO GRAMMATICA,9.79E+12,SENSINI,AGENDA DI ITALIANO (L'),U,A. MONDADORI SCUOLA,"33,90"
FRPC02101N,ITALIANO,9.79E+12,CIOCCA - FERRI,NARRAMI O MUSA - NUOVA EDIZIONE,U,A. MONDADORI SCUOLA,"27,95"
RMPM016015,CHIMICA,9.79E+12,TOTTOLA - ALLEGREZZA - RIGHETTI,CHIMICA PER NOI  LINEA VERDE - SECONDA EDIZIONE,U,A. MONDADORI SCUOLA,"15,50"
RMPM016015,CHIMICA,9.79E+12,RIGHETTI MARILENA - TOTTOLA FABIO,ELEMENTI DI CHIMICA 2A EDIZ,U,A. MONDADORI SCUOLA,"22,30"
FRPC00101C,SCIENZE NATURALI,9.79E+12,CRIPPA - RUSCONI - FIORANI,SCIENZE NATURALI - PER IL 5 ANNO DEI LICEI,U,A. MONDADORI SCUOLA,"30,85"
FRPC00101C,SCIENZE NATURALI,9.79E+12,CRIPPA - RUSCONI - NEPGEN,SCIENZE NATURALI - SECONDA EDIZIONE,2,A. MONDADORI SCUOLA,"24,40"
FRRH007018,STORIA,9.79E+12,CALVANI,STORIA E PROGETTO,2,A. MONDADORI SCUOLA,"19,20"
LTTD02301X,DIRITTO ED ECONOMIA,9.79E+12,AINIS MICHELE - MARAZZITA GIUSEPPE,BUONE REGOLE (LE) - DIRITTO ECONOMIA,U,A. MONDADORI SCUOLA,"23,35"
RMTD05901T,DIRITTO ED ECONOMIA,9.79E+12,AINIS MICHELE - MARAZZITA GIUSEPPE,BUONE REGOLE (LE) - DIRITTO ECONOMIA,1,A. MONDADORI SCUOLA,"14,80"
RMTD05901T,DIRITTO ED ECONOMIA,9.79E+12,AINIS MICHELE - MARAZZITA GIUSEPPE,BUONE REGOLE (LE) - DIRITTO ECONOMIA,2,A. MONDADORI SCUOLA,"13,75"
FRMM82602B,STORIA,9.79E+12,CALVANI VITTORIA,STORIEMONDI M.B.+CONT.DIGIT,2,A. MONDADORI SCUOLA,"20,33"
RMMM8DK013,STORIA,9.79E+12,CALVANI VITTORIA,STORIEMONDI M.B.+CONT.DIGIT,3,A. MONDADORI SCUOLA,"21,18"
FRSL011024,STORIA E GEOGRAFIA,9.79E+12,RIZZO - PARISI,VIAGGIO NELLA GEOSTORIA,2,A. MONDADORI SCUOLA,"25,95"
RMMM89301X,STORIA,9.79E+12,CALVANI VITTORIA,STORIEMONDI,2,A. MONDADORI SCUOLA,"5,70"
RMMM89301X,STORIA,9.79E+12,CALVANI VITTORIA,STORIEMONDI,3,A. MONDADORI SCUOLA,"5,70"
RMPC250005,ITALIANO,9.79E+12,CIOCCA - FERRI,NARRAMI O MUSA - NUOVA EDIZIONE   M B  + CONT  DIGIT,U,A. MONDADORI SCUOLA,"21,01"
RMPC320006,STORIA E GEOGRAFIA,9.79E+12,RIZZO - PARISI,VIAGGIO NELLA GEOSTORIA    M B  + CONT  DIGIT,2,A. MONDADORI SCUOLA,"19,47"
RMTN02000C,STORIA,9.79E+12,CALVANI,SULLE VIE DEL PASSATO   M B  + CONT  DIGIT,2,A. MONDADORI SCUOLA,"16,91"
RMMM8DD01P,ITALIANO GRAMMATICA,9.79E+12,SENSINI MARCELLO,IN CHIARO M.B. + CONT.DIGIT,U,A. MONDADORI SCUOLA,"26,82"
FRPS02000X,ITALIANO GRAMMATICA,9.79E+12,SENSINI,AGENDA DI ITALIANO (L'),U,A. MONDADORI SCUOLA,"30,40"
FRRI026026,FISICA,9.79E+12,RANDAZZO FRANCESCO - STROPPA PIERO,FISICA PER IL NOSTRO FUTURO - 3 ED,U,A. MONDADORI SCUOLA,"21,75"
LTTD00401E,FISICA,9.79E+12,STROPPA PIERO - RANDAZZO FRANCESCO,FISICA PER IL NOSTRO FUTURO - 3 ED   M B  + CONT DIGIT,U,A. MONDADORI SCUOLA,"4,53"
RMMM86101C,ITALIANO GRAMMATICA,9.79E+12,SENSINI MARCELLO,INVALSI CON METODO,U,A. MONDADORI SCUOLA,"8,80"
FRPC02101N,ITALIANO,9.79E+12,MANZONI ALESSANDRO,PROMESSI SPOSI (I),U,A. MONDADORI SCUOLA,"24,60"
RMPM02601Q,ITALIANO,9.79E+12,MANZONI ALESSANDRO,PROMESSI SPOSI (I)     M.B. + CONT.DIGIT.,U,A. MONDADORI SCUOLA,"19,13"
FRMM85301P,GEOGRAFIA,9.79E+12,MELI EMANUELE - FRANCESCHINI ANNA,MAPS,1,A. MONDADORI SCUOLA,"21,10"
FRMM856016,GEOGRAFIA,9.79E+12,MELI EMANUELE - FRANCESCHINI ANNA,MAPS,1,A. MONDADORI SCUOLA,"17,75"
FRMM85301P,GEOGRAFIA,9.79E+12,MELI EMANUELE - FRANCESCHINI ANNA,MAPS,2,A. MONDADORI SCUOLA,"20,40"
FRMM85301P,GEOGRAFIA,9.79E+12,MELI EMANUELE - FRANCESCHINI ANNA,MAPS,3,A. MONDADORI SCUOLA,"22,20"
FRRH007018,STORIA,9.79E+12,CALVANI VITTORIA,STORIA E PROGETTO,1,A. MONDADORI SCUOLA,"24,50"
FRTA03000X,STORIA,9.79E+12,CALVANI VITTORIA,STORIA E PROGETTO,1,A. MONDADORI SCUOLA,"22,25"
FRRH007018,STORIA,9.79E+12,CALVANI VITTORIA,STORIA E PROGETTO,2,A. MONDADORI SCUOLA,"22,25"
FRRC027018,STORIA,9.79E+12,CALVANI VITTORIA,STORIA E PROGETTO,3,A. MONDADORI SCUOLA,"24,50"
FRTF009018,SCIENZE E TECNOLOGIE APPLICATE (RIORDINO),9.79E+12,COPPELLI MARCO - STORTONI BRUNO,SCIENZA E TECNOLOGIE APPLICATE  2 ED,U,A. MONDADORI SCUOLA,"24,45"
FRRI00601X,STORIA,9.79E+12,CALVANI VITTORIA,STORIA FUTURO,1,A. MONDADORI SCUOLA,"27,20"
FRRI00601X,STORIA,9.79E+12,CALVANI VITTORIA,STORIA FUTURO,2,A. MONDADORI SCUOLA,"27,20"
FRRI00601X,STORIA,9.79E+12,CALVANI VITTORIA,STORIA FUTURO,3,A. MONDADORI SCUOLA,"29,40"
FRTL01701B,STORIA,9.79E+12,CALVANI VITTORIA,STORIA FUTURO     M B  + CONT DIGIT,3,A. MONDADORI SCUOLA,"22,89"
RMPS33000X,SCIENZE DELLA TERRA,9.79E+12,CRIPPA MASSIMO - FIORANI MARCO,SISTEMA TERRA - 2 ED,U,A. MONDADORI SCUOLA,"19,35"
FRPC00101C,SCIENZE NATURALI,9.79E+12,CRIPPA MASSIMO - RUSCONI MASSIMILIANO - NEPGEN DONATELLA,SCIENZE NATURALI - 2 ED,1,A. MONDADORI SCUOLA,"33,10"
LTPS05000B,SCIENZE NATURALI,9.79E+12,CRIPPA MASSIMO - RUSCONI MASSIMILIANO - NEPGEN DONATELLA,SCIENZE NATURALI - 2 ED   M B  + CONT DIGIT,1,A. MONDADORI SCUOLA,"25,28"
FRPC00101C,SCIENZE NATURALI,9.79E+12,CRIPPA MASSIMO - RUSCONI MASSIMILIANO - NEPGEN DONATELLA,SCIENZE NATURALI - 2 ED,2,A. MONDADORI SCUOLA,"33,75"
FRPM070002,SCIENZE NATURALI,9.79E+12,CRIPPA MASSIMO - RUSCONI MASSIMILIANO - NEPGEN DONATELLA,SCIENZE NATURALI  LINEA LILLA  - 1 BIENNIO,U,A. MONDADORI SCUOLA,"29,30"
RMTF02801C,GEOGRAFIA,9.79E+12,PARISI GIUSI - RIZZO DANIELA,ORA DI GEOGRAFIA (L')   M B  + CONT DIGIT,U,A. MONDADORI SCUOLA,"10,93"
RIPS00801E,CHIMICA,9.79E+12,TOTTOLA FABIO - ALLEGREZZA AURORA - RIGHETTI MARILENA,CHIMICA PER NOI LINEA BLU - 2 ED,U,A. MONDADORI SCUOLA,"34,45"
VTPC010003,CHIMICA,9.79E+12,TOTTOLA FABIO - ALLEGREZZA AURORA - RIGHETTI MARILENA,CHIMICA PER NOI LINEA VERDE - 2 ED,2,A. MONDADORI SCUOLA,"18,90"
RMPC180004,CHIMICA,9.79E+12,TOTTOLA FABIO - ALLEGREZZA AURORA - RIGHETTI MARILENA,CHIMICA PER NOI LINEA VERDE - 2 ED,U,A. MONDADORI SCUOLA,"29,80"
FRMM84001L,SCIENZE MOTORIE E SPORTIVE,9.79E+12,ORAZI UMBERTO - POLATO SIMONETTA - GIORGETTI MARIA GIOVANNA,SPORT IN GIOCO,U,A. MONDADORI SCUOLA,"16,20"
RMPS114019,ITALIANO GRAMMATICA,9.79E+12,SENSINI MARCELLO,AGENDA DI ITALIANO (L')   M B  + CONT DIGIT,U,A. MONDADORI SCUOLA,"28,35"
FRPM070002,ITALIANO GRAMMATICA,9.79E+12,SENSINI MARCELLO,AGENDA DI ITALIANO (L'),U,A. MONDADORI SCUOLA,"37,10"
RMMM8AU012,STORIA,9.79E+12,CALVANI VITTORIA,INCONTRA LA STORIA,2,A. MONDADORI SCUOLA,"29,15"
FRPC023019,ITALIANO ANTOLOGIE,9.79E+12,BOTTA NERELLA,CHE MONDI POSSA APRIRTI,1,A. MONDADORI SCUOLA,"23,90"
LTPM02101D,ITALIANO ANTOLOGIE,9.79E+12,BOTTA NERELLA,CHE MONDI POSSA APRIRTI,1,A. MONDADORI SCUOLA,"21,60"
FRPC023019,ITALIANO ANTOLOGIE,9.79E+12,BOTTA NERELLA,CHE MONDI POSSA APRIRTI,2,A. MONDADORI SCUOLA,"20,30"
FRPM02101T,ITALIANO ANTOLOGIE,9.79E+12,BOTTA NERELLA,CHE MONDI POSSA APRIRTI,2,A. MONDADORI SCUOLA,"19,70"
FRPC023019,ITALIANO,9.79E+12,BOTTA NERELLA - NOJA TEA,CHE MONDI POSSA APRIRTI,U,A. MONDADORI SCUOLA,"12,55"
FRMM806015,STORIA,9.79E+12,CALVANI VITTORIA,INCONTRA LA STORIA,1,A. MONDADORI SCUOLA,"26,50"
FRMM80301N,ITALIANO GRAMMATICA,9.79E+12,SENSINI MARCELLO,IN FORMA SEMPLICE E CHIARA,U,A. MONDADORI SCUOLA,"35,70"
FRMM81701G,ITALIANO GRAMMATICA,9.79E+12,SENSINI MARCELLO,IN FORMA SEMPLICE E CHIARA,U,A. MONDADORI SCUOLA,"31,85"
FRMM82003D,ITALIANO GRAMMATICA,9.79E+12,SENSINI MARCELLO,IN FORMA SEMPLICE E CHIARA,U,A. MONDADORI SCUOLA,"25,90"
RMMM82301N,ITALIANO GRAMMATICA,9.79E+12,SENSINI MARCELLO,IN FORMA SEMPLICE E CHIARA,U,A. MONDADORI SCUOLA,"5,35"
RMMM82301N,ITALIANO GRAMMATICA,9.79E+12,SENSINI MARCELLO,IN FORMA SEMPLICE E CHIARA,U,A. MONDADORI SCUOLA,"6,75"
RMMM8BX01T,ITALIANO GRAMMATICA,9.79E+12,SENSINI MARCELLO,IN FORMA SEMPLICE E CHIARA      M B  + CONT DIGIT,U,A. MONDADORI SCUOLA,"20,67"
LTPM030007,SCIENZE NATURALI,9.79E+12,NEPGEN DONATELLA - CRIPPA MASSIMO - FIORANI MARCO,SCIENZE NATURALI LINEA VERDE,1,A. MONDADORI SCUOLA,"20,00"
LTPM030007,SCIENZE NATURALI,9.79E+12,NEPGEN DONATELLA - CRIPPA MASSIMO,SCIENZE NATURALI LINEA VERDE,2,A. MONDADORI SCUOLA,"20,00"
RMPC40000T,SCIENZE NATURALI,9.79E+12,NEPGEN DONATELLA - CRIPPA MASSIMO - FIORANI MARCO,SCIENZE NATURALI LINEA VERDE,3,A. MONDADORI SCUOLA,"25,00"
LTPS04000R,SCIENZE NATURALI,9.79E+12,NEPGEN DONATELLA - CRIPPA MASSIMO - FIORANI MARCO,SCIENZE NATURALI LINEA VERDE,4,A. MONDADORI SCUOLA,"28,75"
RMPC101014,SCIENZE NATURALI,9.79E+12,"NEPGEN DONATELLA, - CRIPPA MASSIMO - FIORANI MARCO",SCIENZE NATURALI LINEA VERDE,5,A. MONDADORI SCUOLA,"24,90"
FRRH007018,ITALIANO GRAMMATICA,9.79E+12,SENSINI MARCELLO,DATEMI LE PAROLE. STRUMENTI PER CONOSCERE E USARE L'ITALIANO,U,A. MONDADORI SCUOLA,"26,10"
RMTD11801C,ITALIANO GRAMMATICA,9.79E+12,SENSINI MARCELLO,DATEMI LE PAROLE. STRUMENTI PER CONOSCERE E USARE L'ITALIANO     M.B. + CONT.,U,A. MONDADORI SCUOLA,"20,33"
FRRH007018,ITALIANO GRAMMATICA,9.79E+12,SENSINI MARCELLO,DATEMI LE PAROLE  STRUMENTI PER CONOSCERE E USARE L'ITALIANO,U,A. MONDADORI SCUOLA,"21,75"
RMRV089015,ITALIANO GRAMMATICA,9.79E+12,SENSINI MARCELLO,DATEMI LE PAROLE  STRUMENTI PER CONOSCERE E USARE L'ITALIANO     M B  + CONT,U,A. MONDADORI SCUOLA,"16,91"
LTPS04000R,SCIENZE NATURALI,9.79E+12,NEPGEN DONATELLA - CRIPPA MASSIMO - MANTELLI MANUELA,SCIENZE NATURALI,U,A. MONDADORI SCUOLA,"33,70"
FRPM070002,SCIENZE NATURALI,9.79E+12,NEPGEN DONATELLA - CRIPPA MASSIMO - MANTELLI MANUELA,SCIENZE NATURALI,U,A. MONDADORI SCUOLA,"30,50"
RMPS090001,SCIENZE DELLA TERRA,9.79E+12,CRIPPA MASSIMO - FIORANI MARCO,SISTEMA TERRA EFG,U,A. MONDADORI SCUOLA,"17,55"
LTRI00401X,TECNOLOGIE ELETTRICO-ELETTRONICHE E APPLICAZIONI,9.79E+12,COPPELLI MARCO - STORTONI BRUNO,TECNOLOGIE ELETTRICO-ELETTRONICHE E APPLICAZIONI,1,A. MONDADORI SCUOLA,"27,85"
FRRI01101B,TECNOLOGIE ELETTRICO-ELETTRONICHE E APPLICAZIONI,9.79E+12,COPPELLI MARCO - STORTONI BRUNO,TECNOLOGIE ELETTRICO-ELETTRONICHE E APPLICAZIONI,2,A. MONDADORI SCUOLA,"28,35"
RMRI09901N,TECNOLOGIE ELETTRICO-ELETTRONICHE E APPLICAZIONI,9.79E+12,COPPELLI MARCO - STORTONI BRUNO,TECNOLOGIE ELETTRICO-ELETTRONICHE E APPLICAZIONI      M B  + CONT DIGIT,2,A. MONDADORI SCUOLA,"22,63"
FRRI01101B,TECNOLOGIE ELETTRICO-ELETTRONICHE E APPLICAZIONI,9.79E+12,COPPELLI MARCO - STORTONI BRUNO,TECNOLOGIE ELETTRICO-ELETTRONICHE E APPLICAZIONI,3,A. MONDADORI SCUOLA,"26,60"
RMRI06602B,TECNOLOGIE ELETTRICO-ELETTRONICHE E APPLICAZIONI,9.79E+12,COPPELLI MARCO - STORTONI BRUNO,TECNOLOGIE ELETTRICO-ELETTRONICHE E APPLICAZIONI     M B  + CONT DIGIT,3,A. MONDADORI SCUOLA,"21,69"
FRMM82002C,MATEMATICA,9.79E+12,ROSSI GIULIETTA,PIQUADRO,1,A. MONDADORI SCUOLA,"26,55"
FRMM82001B,MATEMATICA,9.79E+12,ROSSI GIULIETTA,PIQUADRO,2,A. MONDADORI SCUOLA,"26,55"
FRMM82001B,MATEMATICA,9.79E+12,ROSSI GIULIETTA,PIQUADRO,3,A. MONDADORI SCUOLA,"28,75"
FRMM80301N,ITALIANO ANTOLOGIA,9.79E+12,AA VV,AMICO LIBRO,1,A. MONDADORI SCUOLA,"28,75"
FRMM80801R,ITALIANO ANTOLOGIA,9.79E+12,AA VV,AMICO LIBRO,2,A. MONDADORI SCUOLA,"31,60"
FRMM806015,ITALIANO ANTOLOGIA,9.79E+12,AA VV,AMICO LIBRO,3,A. MONDADORI SCUOLA,"30,45"
RMMM8EE015,ITALIANO ANTOLOGIA,9.79E+12,AA VV,AMICO LIBRO     M B  + CONT DIGIT,2,A. MONDADORI SCUOLA,"24,60"
RMPS200007,CHIMICA,9.79E+12,TOTTOLA FABIO - ALLEGREZZA AURORA - RIGHETTI MARILENA,BIOCHIMICA LINEA VERDE,U,A. MONDADORI SCUOLA,"20,65"
RMMM81701A,ITALIANO,9.79E+12,AA VV,AMICO LIBRO - EPICA,U,A. MONDADORI SCUOLA,"7,70"
RMMM8FC014,ITALIANO,9.79E+12,AA VV,AMICO LIBRO     M B  + CONT DIGIT,U,A. MONDADORI SCUOLA,"5,98"
VTMM801031,ITALIANO ANTOLOGIA,9.79E+12,AA VV,AMICO LIBRO,2,A. MONDADORI SCUOLA,"21,75"
RMMM81701A,ITALIANO,9.79E+12,AA VV,AMICO LIBRO - LETTERATURA,U,A. MONDADORI SCUOLA,"11,90"
RMMM8CQ01B,ITALIANO,9.79E+12,AA VV,AMICO LIBRO     M B  + CONT DIGIT,U,A. MONDADORI SCUOLA,"9,22"
FRMM80301N,ITALIANO ANTOLOGIA,9.79E+12,AA VV,AMICO LIBRO,3,A. MONDADORI SCUOLA,"28,10"
FRMM80801R,ITALIANO ANTOLOGIA,9.79E+12,AA VV,AMICO LIBRO,1,A. MONDADORI SCUOLA,"21,75"
RMTD030005,STORIA,9.79E+12,RIZZO DANIELA - PARISI GIUSI,STORIA  PER UN APPRENDIMENTO PERMANENTE,1,A. MONDADORI SCUOLA,"22,40"
FRRI00601X,STORIA,9.79E+12,RIZZO DANIELA - PARISI GIUSI,STORIA  PER UN APPRENDIMENTO PERMANENTE,2,A. MONDADORI SCUOLA,"22,40"
FRMM82602B,GEOGRAFIA,9.79E+12,AA VV,MAPS PLUS,1,A. MONDADORI SCUOLA,"22,20"
FRMM828012,GEOGRAFIA,9.79E+12,AA VV,MAPS PLUS,2,A. MONDADORI SCUOLA,"21,55"
FRMM82302X,GEOGRAFIA,9.79E+12,AA VV,MAPS PLUS,3,A. MONDADORI SCUOLA,"23,30"
FRMM828012,ITALIANO ANTOLOGIA,9.79E+12,AA VV,AMICO LIBRO     M B  + CONT DIGIT,3,A. MONDADORI SCUOLA,"21,86"
FRMM82602B,ITALIANO ANTOLOGIA,9.79E+12,AA VV,AMICO LIBRO,1,A. MONDADORI SCUOLA,"26,80"
FRMM80301N,ITALIANO ANTOLOGIA,9.79E+12,AA VV,AMICO LIBRO,2,A. MONDADORI SCUOLA,"30,45"
RMMM83501X,GEOGRAFIA,9.79E+12,AA VV,MAPS PLUS,1,A. MONDADORI SCUOLA,"18,85"
RMMM825019,GEOGRAFIA,9.79E+12,AA VV,MAPS PLUS,1,A. MONDADORI SCUOLA,"23,80"
RMMM876016,GEOGRAFIA,9.79E+12,AA VV,MAPS PLUS,2,A. MONDADORI SCUOLA,"23,20"
LTMM80101N,GEOGRAFIA,9.79E+12,AA VV - AA VV,MAPS PLUS,3,A. MONDADORI SCUOLA,"24,80"
FRMM834019,STORIA,9.79E+12,CALVANI VITTORIA,INCONTRA LA STORIA      M B  + CONT DIGIT,2,A. MONDADORI SCUOLA,"22,03"
RMMM8CN01X,STORIA,9.79E+12,CALVANI VITTORIA,INCONTRA LA STORIA      M B  + CONT DIGIT,3,A. MONDADORI SCUOLA,"23,40"
FRMM806015,STORIA,9.79E+12,CALVANI VITTORIA,INCONTRA LA STORIA,2,A. MONDADORI SCUOLA,"27,60"
FRMM82001B,STORIA,9.79E+12,CALVANI VITTORIA,INCONTRA LA STORIA,3,A. MONDADORI SCUOLA,"29,25"
FRMM814036,ITALIANO GRAMMATICA,9.79E+12,SENSINI MARCELLO,IN FORMA SEMPLICE E CHIARA,U,A. MONDADORI SCUOLA,"37,25"
RMMM8D8012,ITALIANO GRAMMATICA,9.79E+12,SENSINI MARCELLO,IN FORMA SEMPLICE E CHIARA      M B  + CONT DIGIT,U,A. MONDADORI SCUOLA,"28,52"
RMPC250005,ITALIANO,9.79E+12,CIOCCA DANIELA - FERRI TINA,NARRAMI O MUSA,U,A. MONDADORI SCUOLA,"27,60"
FRMM821017,STORIA,9.79E+12,CALVANI VITTORIA,INCONTRA LA STORIA,1,A. MONDADORI SCUOLA,"24,80"
RMMM89001C,STORIA,9.79E+12,CALVANI VITTORIA,INCONTRA LA STORIA,1,A. MONDADORI SCUOLA,"28,15"
RMMM804018,STORIA,9.79E+12,CALVANI VITTORIA,INCONTRA LA STORIA,3,A. MONDADORI SCUOLA,"30,80"
RMMM8FZ013,STORIA,9.79E+12,CALVANI VITTORIA,INCONTRA LA STORIA      M B  + CONT DIGIT,1,A. MONDADORI SCUOLA,"21,18"
FRPC023019,STORIA E GEOGRAFIA,9.79E+12,RIZZO DANIELA - PARISI GIUSI,NUOVO VIAGGIO NELLA GEOSTORIA (IL),1,A. MONDADORI SCUOLA,"26,30"
FRPC023019,STORIA E GEOGRAFIA,9.79E+12,RIZZO DANIELA - PARISI GIUSI,IL NUOVO VIAGGIO NELLA GEOSTORIA,2,A. MONDADORI SCUOLA,"25,45"
LTPS05000B,STORIA E GEOGRAFIA,9.79E+12,RIZZO DANIELA - PARISI GIUSI,IL NUOVO VIAGGIO NELLA GEOSTORIA      M B  + CONT DIGIT,1,A. MONDADORI SCUOLA,"21,01"
VTPM010007,STORIA E GEOGRAFIA,9.79E+12,RIZZO DANIELA - PARISI GIUSI,IL NUOVO VIAGGIO NELLA GEOSTORIA      M B  + CONT DIGIT,2,A. MONDADORI SCUOLA,"20,33"
FRPM02101T,ITALIANO GRAMMATICA,9.79E+12,SENSINI MARCELLO,CON METODO,U,A. MONDADORI SCUOLA,"33,30"
FRPM070002,ITALIANO GRAMMATICA,9.79E+12,SENSINI MARCELLO,CON METODO,U,A. MONDADORI SCUOLA,"27,00"
RMPC09000T,ITALIANO GRAMMATICA,9.79E+12,SENSINI MARCELLO,CON METODO     M B  + CONT DIGIT,U,A. MONDADORI SCUOLA,"27,16"
RMPS49000C,ITALIANO GRAMMATICA,9.79E+12,SENSINI MARCELLO,CON METODO     M B  + CONT DIGIT,U,A. MONDADORI SCUOLA,"22,03"
FRTA03000X,SCIENZE DELLA TERRA,9.79E+12,CRIPPA MASSIMO - FIORANI MARCO - ZIPOLI GABRIELLA,LIBRO DELLA TERRA (IL) - 3 EDIZIONE,U,A. MONDADORI SCUOLA,"22,35"
FRRH007018,BIOLOGIA,9.79E+12,CRIPPA MASSIMO - RUSCONI MASSIMILIANO,ESPLORARE LA VITA - 3 EDIZIONE,U,A. MONDADORI SCUOLA,"24,20"
FRMM821028,SCIENZE,9.79E+12,ZANOLI STEFANO,WOW   LA SCIENZA,1,A. MONDADORI SCUOLA,"16,40"
FRMM82001B,SCIENZE,9.79E+12,ZANOLI STEFANO,WOW... LA SCIENZA,2,A. MONDADORI SCUOLA,"16,40"
FRMM82604D,SCIENZE,9.79E+12,ZANOLI STEFANO,WOW LA SCIENZA,3,A. MONDADORI SCUOLA,"18,45"
FRMM843025,SCIENZE,9.79E+12,ZANOLI STEFANO,WOW   LA SCIENZA,U,A. MONDADORI SCUOLA,"39,40"
FRTA03000X,CHIMICA,9.79E+12,TOTTOLA FABIO - ALLEGREZZA AURORA - RIGHETTI MARILENA,CHIMICA PER NOI - EDIZIONE TECH VOLUME,U,A. MONDADORI SCUOLA,"32,90"
FRTA03000X,FISICA,9.79E+12,STROPPA PIERO - RANDAZZO FRANCESCO,FISICA INTORNO A TE,U,A. MONDADORI SCUOLA,"21,75"
LTPS030006,CHIMICA,9.79E+12,TOTTOLA FABIO - ALLEGREZZA AURORA - RIGHETTI MARILENA,CHIMICA PER NOI  LINEA BLU - 3 EDIZIONE,U,A. MONDADORI SCUOLA,"20,75"
RMPC23000X,CHIMICA,9.79E+12,TOTTOLA FABIO - ALLEGREZZA AURORA - RIGHETTI MARILENA,CHIMICA PER NOI BLU,U,A. MONDADORI SCUOLA,"33,95"
LTPS023014,SCIENZE DELLA TERRA,9.79E+12,CRIPPA MASSIMO - FIORANI MARCO,SISTEMA TERRA LINEA BLU,U,A. MONDADORI SCUOLA,"20,55"
RMPC02401X,SCIENZE DELLA TERRA,9.79E+12,CRIPPA MASSIMO - FIORANI MARCO,SISTEMA TERRA LINEA BLU,U,A. MONDADORI SCUOLA,"13,95"
FRPC00601G,SCIENZE DELLA TERRA,9.79E+12,CRIPPA MASSIMO - FIORANI MARCO,SISTEMA TERRA LINEA BLU,U,A. MONDADORI SCUOLA,"29,10"
RMEE85301E,IL LIBRO DELLA PRIMA CLASSE,9.79E+12,MATTONE ANNA MARIA - TORDELLA ANTONIA - RIZZOLITO GIUSY,IO IO SO,1,A. MONDADORI SCUOLA,"12,04"
RMEE85301E,SUSSIDIARIO,9.79E+12,MATTONE ANNA MARIA - TORDELLA ANTONIA - RIZZOLITO GIUSY,IO IO SO,2,A. MONDADORI SCUOLA,"16,88"
FREE82601B,SUSSIDIARIO,9.79E+12,MATTONE ANNA MARIA - RIZZO LICORI ELENA - TORDELLA ANTONIA,IO IO SO,3,A. MONDADORI SCUOLA,"24,11"
FREE82301X,SUSSIDIARIO DEI LINGUAGGI,9.79E+12,BONARIVA SIMONA - BRAMATI EMANUELA - BRAMATI LAURA,NATI PER LEGGERE,1,A. MONDADORI SCUOLA,"15,59"
FREE82301X,SUSSIDIARIO DEI LINGUAGGI,9.79E+12,BONARIVA SIMONA - BRAMATI EMANUELA - BRAMATI LAURA,NATI PER LEGGERE,2,A. MONDADORI SCUOLA,"18,92"
RMEE8FV01R,SUSSIDIARIO DEI LINGUAGGI,9.79E+12,BONARIVA SIMONA - BRAMATI EMANUELA - BRAMATI LAURA,NATI PER LEGGERE      M B  + CONT DIGIT,2,A. MONDADORI SCUOLA,"18,92"
FREE843015,SUSSIDIARIO DELLE DISCIPLINE,9.79E+12,BRAMATI E  E L - FONTOLAN ANNA - BANDERALI ALBERTINA,NATI PER CONOSCERE,1,A. MONDADORI SCUOLA,"19,37"
FREE82601B,SUSSIDIARIO DELLE DISCIPLINE,9.79E+12,BRAMATI E  E L - FONTOLAN ANNA - BANDERALI ALBERTINA,NATI PER CONOSCERE,2,A. MONDADORI SCUOLA,"22,57"
RMEE84501G,SUSSIDIARIO DELLE DISCIPLINE,9.79E+12,BRAMATI E  E L - FONTOLAN ANNA - BANDERALI ALBERTINA,NATI PER CONOSCERE      M B  + CONT DIGIT,2,A. MONDADORI SCUOLA,"22,57"
FREE82301X,SUSSIDIARIO DELLE DISCIPLINE (AMBITO ANTROPOLOGICO),9.79E+12,BRAMATI E  E L - FONTOLAN ANNA - BANDERALI ALBERTINA,NATI PER CONOSCERE,1,A. MONDADORI SCUOLA,"9,69"
FREE82301X,SUSSIDIARIO DELLE DISCIPLINE (AMBITO SCIENTIFICO),9.79E+12,BRAMATI E  E L - FONTOLAN ANNA - BANDERALI ALBERTINA,NATI PER CONOSCERE,1,A. MONDADORI SCUOLA,"9,68"
FREE82301X,SUSSIDIARIO DELLE DISCIPLINE (AMBITO ANTROPOLOGICO),9.79E+12,BRAMATI E  E L - FONTOLAN ANNA - BANDERALI ALBERTINA,NATI PER CONOSCERE,2,A. MONDADORI SCUOLA,"11,29"
FREE82301X,SUSSIDIARIO DELLE DISCIPLINE (AMBITO SCIENTIFICO),9.79E+12,BRAMATI E  E L - FONTOLAN ANNA - BANDERALI ALBERTINA,NATI PER CONOSCERE,2,A. MONDADORI SCUOLA,"11,28"
RMTF010006,FISICA,9.79E+12,STROPPA PIERO,FISICA INTORNO A TE,U,A. MONDADORI SCUOLA,"33,95"
VTTA020006,FISICA,9.79E+12,STROPPA PIERO,FISICA INTORNO A TE,1,A. MONDADORI SCUOLA,"20,75"
VTTA020006,FISICA,9.79E+12,STROPPA PIERO,FISICA INTORNO A TE,2,A. MONDADORI SCUOLA,"20,75"
FRMM82002C,GEOGRAFIA,9.79E+12,MELI EMANUELE - FRANCESCHINI ANNA,GO!,1,A. MONDADORI SCUOLA,"21,60"
FRMM82603C,GEOGRAFIA,9.79E+12,MELI EMANUELE - FRANCESCHINI ANNA,GO!,1,A. MONDADORI SCUOLA,"19,10"
FRMM82003D,GEOGRAFIA,9.79E+12,MELI EMANUELE - FRANCESCHINI ANNA,GO!,1,A. MONDADORI SCUOLA,"23,20"
FRMM82002C,GEOGRAFIA,9.79E+12,MELI EMANUELE - FRANCESCHINI ANNA,GO!,2,A. MONDADORI SCUOLA,"21,20"
RMMM883019,GEOGRAFIA,9.79E+12,MELI EMANUELE - FRANCESCHINI ANNA,GO!      M B  + CONT DIGIT,2,A. MONDADORI SCUOLA,"17,25"
LTMM832019,GEOGRAFIA,9.79E+12,MELI EMANUELE - FRANCESCHINI ANNA,GO!,2,A. MONDADORI SCUOLA,"22,70"
FRMM82002C,GEOGRAFIA,9.79E+12,MELI EMANUELE - FRANCESCHINI ANNA,GO!,3,A. MONDADORI SCUOLA,"22,80"
LTMM832019,GEOGRAFIA,9.79E+12,MELI EMANUELE - FRANCESCHINI ANNA,GO!,3,A. MONDADORI SCUOLA,"24,30"
VTMM83201E,GEOGRAFIA,9.79E+12,MELI EMANUELE - FRANCESCHINI ANNA,GO!,U,A. MONDADORI SCUOLA,"7,90"
VTPS00101C,SCIENZE DELLA TERRA,9.79E+12,CRIPPA MASSIMO - FIORANI MARCO - ZIPOLI GABRIELLA,LIBRO DELLA TERRA BLU (IL),U,A. MONDADORI SCUOLA,"30,15"
LTMM832019,SCIENZE,9.79E+12,ZANOLI STEFANO,ALIANTE,U,A. MONDADORI SCUOLA,"36,45"
RMMM8CK01C,SCIENZE,9.79E+12,ZANOLI STEFANO,ALIANTE,U,A. MONDADORI SCUOLA,"38,00"
FRMM81202D,SCIENZE,9.79E+12,ZANOLI STEFANO,ALIANTE,1,A. MONDADORI SCUOLA,"14,45"
FRMM82302X,SCIENZE,9.79E+12,ZANOLI STEFANO,ALIANTE,1,A. MONDADORI SCUOLA,"16,05"
FRMM81202D,SCIENZE,9.79E+12,ZANOLI STEFANO,ALIANTE,2,A. MONDADORI SCUOLA,"15,10"
FRMM82302X,SCIENZE,9.79E+12,ZANOLI STEFANO,ALIANTE,2,A. MONDADORI SCUOLA,"16,65"
FRMM81202D,SCIENZE,9.79E+12,ZANOLI STEFANO,ALIANTE,3,A. MONDADORI SCUOLA,"16,55"
LTMM841014,SCIENZE,9.79E+12,ZANOLI STEFANO,ALIANTE,3,A. MONDADORI SCUOLA,"18,05"
RMPC17000D,SCIENZE DELLA TERRA,9.79E+12,TOTTOLA FABIO - CRIPPA MASSIMO,LIBRO DELLA TERRA BLU (IL),U,A. MONDADORI SCUOLA,"25,35"
LTEE820014,IL LIBRO DELLA PRIMA CLASSE,9.79E+12,TOGNANA MICHELA - BORDIGLIONI STEFANO - RIZZO LICORI ELENA,ACCHIAPPASTORIE (L'),1,A. MONDADORI SCUOLA,"12,04"
LTEE820014,SUSSIDIARIO,9.79E+12,TOGNANA MICHELA - BORDIGLIONI STEFANO - RIZZO LICORI ELENA,ACCHIAPPASTORIE (L'),2,A. MONDADORI SCUOLA,"16,88"
RMEE30703E,SUSSIDIARIO,9.79E+12,TOGNANA MICHELA - BORDIGLIONI STEFANO - RIZZO LICORI ELENA,ACCHIAPPASTORIE (L')      M B  + CONT DIGIT,2,A. MONDADORI SCUOLA,"16,88"
FREE81103Q,SUSSIDIARIO,9.79E+12,TOGNANA MICHELA - BORDIGLIONI STEFANO - RIZZO LICORI ELENA,ACCHIAPPASTORIE (L'),3,A. MONDADORI SCUOLA,"24,11"
FREE82503N,SUSSIDIARIO,9.79E+12,TOGNANA MICHELA - BORDIGLIONI STEFANO - RIZZO LICORI ELENA,ACCHIAPPASTORIE (L')      M B  + CONT DIGIT,3,A. MONDADORI SCUOLA,"24,11"
FRPS02301C,ITALIANO ANTOLOGIE,9.79E+12,BOTTA NERELLA,CHE MONDI POSSA APRIRTI,U,A. MONDADORI SCUOLA,"6,35"
LTPS04000R,SCIENZE NATURALI,9.79E+12,TOTTOLA FABIO - ALLEGREZZA AURORA - RIGHETTI MARILENA,CHIMICA PER NOI LINEA VERDE,U,A. MONDADORI SCUOLA,"34,15"
RMPC180004,CHIMICA,9.79E+12,TOTTOLA FABIO - ALLEGREZZA AURORA - RIGHETTI MARILENA,CHIMICA PER NOI LINEA VERDE,U,A. MONDADORI SCUOLA,"17,00"
RMPM02701G,CHIMICA,9.79E+12,TOTTOLA FABIO - ALLEGREZZA AURORA - RIGHETTI MARILENA,CHIMICA PER NOI LINEA VERDE      M B  + CONT DIGIT,U,A. MONDADORI SCUOLA,"13,83"
RMPC09000T,CHIMICA,9.79E+12,TOTTOLA FABIO - ALLEGREZZA AURORA - RIGHETTI MARILENA,CHIMICA PER NOI LINEA VERDE,U,A. MONDADORI SCUOLA,"22,80"
RMPM02701G,CHIMICA,9.79E+12,TOTTOLA FABIO - ALLEGREZZA AURORA - RIGHETTI MARILENA,CHIMICA PER NOI LINEA VERDE      M B  + CONT DIGIT,U,A. MONDADORI SCUOLA,"18,62"
RMPC48000P,FILOSOFIA,9.79E+12,CHIARADONNA RICCARDO - PECERE PAOLO,FILOSOFIA. LA RICERCA DELLA CONOSCENZA,1,A. MONDADORI SCUOLA,"3,90"
FRMM821017,SCIENZE,9.79E+12,ZANOLI STEFANO,WOW... LA SCIENZA,2,A. MONDADORI SCUOLA,"14,80"
RMMM89001C,SCIENZE,9.79E+12,ZANOLI STEFANO,WOW... LA SCIENZA      M B  + CONT DIGIT,2,A. MONDADORI SCUOLA,"12,04"
FRMM82002C,SCIENZE,9.79E+12,ZANOLI STEFANO,WOW... LA SCIENZA,3,A. MONDADORI SCUOLA,"16,90"
RMTF081019,STORIA,9.79E+12,CALVANI VITTORIA,STORIA PER IL FUTURO (UNA),1,A. MONDADORI SCUOLA,"28,40"
RMTF081019,STORIA,9.79E+12,CALVANI VITTORIA,STORIA PER IL FUTURO (UNA),2,A. MONDADORI SCUOLA,"25,80"
RMTA070005,STORIA,9.79E+12,CALVANI VITTORIA,STORIA PER IL FUTURO (UNA),3,A. MONDADORI SCUOLA,"29,20"
RMMM8D8012,STORIA,9.79E+12,CALVANI VITTORIA,DOVE INIZIA IL FUTURO,3,A. MONDADORI SCUOLA,"28,80"
RMMM8DT01V,STORIA,9.79E+12,CALVANI VITTORIA,DOVE INIZIA IL FUTURO,1,A. MONDADORI SCUOLA,"6,55"
RMMM89301X,STORIA,9.79E+12,CALVANI VITTORIA,DOVE INIZIA IL FUTURO,1,A. MONDADORI SCUOLA,"25,80"
LTMM85201E,STORIA,9.79E+12,CALVANI VITTORIA,DOVE INIZIA IL FUTURO,1,A. MONDADORI SCUOLA,"27,30"
RMMM8D8012,STORIA,9.79E+12,CALVANI VITTORIA,DOVE INIZIA IL FUTURO,2,A. MONDADORI SCUOLA,"26,80"
FRPC023019,TECNOLOGIE INFORMATICHE,9.79E+12,FERRARI G - ROSSI M,INFOLIGHT,U,A. MONDADORI SCUOLA,"25,30"
FRPM070002,FILOSOFIA,9.79E+12,CHIARADONNA RICCARDO - PECERE PAOLO,VIE DELLA CONOSCENZA (LE),1,A. MONDADORI SCUOLA,"28,40"
FRPM070002,FILOSOFIA,9.79E+12,CHIARADONNA RICCARDO - PECERE PAOLO,VIE DELLA CONOSCENZA (LE),2,A. MONDADORI SCUOLA,"34,50"
RMPS10601A,FILOSOFIA,9.79E+12,CHIARADONNA RICCARDO - PECERE PAOLO,VIE DELLA CONOSCENZA (LE),3,A. MONDADORI SCUOLA,"35,60"
LTMM817017,SCIENZE MOTORIE E SPORTIVE,9.79E+12,GIORGETTI MARIA GIOVANNA - POLATO SIMONETTA,PLAY,U,A. MONDADORI SCUOLA,"16,55"
RMPC48000P,FISICA,9.79E+12,BROGNARA ANDREA,SGUARDO FISICO (LO),U,A. MONDADORI SCUOLA,"30,85"
RMPS330022,FISICA,9.79E+12,BROGNARA ANDREA,SGUARDO FISICO (LO),1,A. MONDADORI SCUOLA,"15,75"
RMPS330022,FISICA,9.79E+12,BROGNARA ANDREA,SGUARDO FISICO (LO),2,A. MONDADORI SCUOLA,"16,75"
RMTD04801B,CHIMICA,9.79E+12,RANDAZZO FRANCESCO,CHIMICA INTORNO A TE,U,A. MONDADORI SCUOLA,"21,25"
FRMM806015,ITALIANO ANTOLOGIA,9.79E+12,CALVANI VITTORIA - FERRI CHIARA - MATTEI LUCA,NUOVO AMICO LIBRO,1,A. MONDADORI SCUOLA,"28,50"
FRMM82003D,ITALIANO ANTOLOGIA,9.79E+12,CALVANI VITTORIA - FERRI CHIARA - MATTEI LUCA,NUOVO AMICO LIBRO,1,A. MONDADORI SCUOLA,"30,00"
FRMM821017,ITALIANO ANTOLOGIA,9.79E+12,CALVANI VITTORIA - FERRI CHIARA - MATTEI LUCA,NUOVO AMICO LIBRO,1,A. MONDADORI SCUOLA,"26,45"
FRMM82301V,ITALIANO ANTOLOGIA,9.79E+12,CALVANI VITTORIA - FERRI CHIARA - MATTEI LUCA,NUOVO AMICO LIBRO,1,A. MONDADORI SCUOLA,"21,35"
FRMM82301V,ITALIANO ANTOLOGIA,9.79E+12,CALVANI VITTORIA - FERRI CHIARA - MATTEI LUCA,NUOVO AMICO LIBRO,U,A. MONDADORI SCUOLA,"7,55"
FRMM82002C,ITALIANO ANTOLOGIA,9.79E+12,CALVANI VITTORIA - FERRI CHIARA - MATTEI LUCA,NUOVO AMICO LIBRO,2,A. MONDADORI SCUOLA,"31,45"
RMMM8BL012,ITALIANO ANTOLOGIA,9.79E+12,CALVANI VITTORIA - FERRI CHIARA - MATTEI LUCA,NUOVO AMICO LIBRO     M B  + CONT DIGIT,2,A. MONDADORI SCUOLA,"26,30"
LTMM80302A,ITALIANO ANTOLOGIA,9.79E+12,CALVANI VITTORIA - FERRI CHIARA - MATTEI LUCA,NUOVO AMICO LIBRO,2,A. MONDADORI SCUOLA,"32,95"
FRMM85401E,ITALIANO ANTOLOGIA,9.79E+12,CALVANI VITTORIA - FERRI CHIARA - MATTEI LUCA,NUOVO AMICO LIBRO,2,A. MONDADORI SCUOLA,"23,70"
FRMM821017,ITALIANO ANTOLOGIA,9.79E+12,CALVANI VITTORIA - FERRI CHIARA - MATTEI LUCA,NUOVO AMICO LIBRO,2,A. MONDADORI SCUOLA,"29,40"
RMMM8EE015,ITALIANO ANTOLOGIA,9.79E+12,CALVANI VITTORIA - FERRI CHIARA - MATTEI LUCA,NUOVO AMICO LIBRO     M B  + CONT DIGIT,2,A. MONDADORI SCUOLA,"24,60"
RMMM81701A,ITALIANO ANTOLOGIA,9.79E+12,CALVANI VITTORIA - FERRI CHIARA - MATTEI LUCA,NUOVO AMICO LIBRO,2,A. MONDADORI SCUOLA,"21,65"
FRMM856016,ITALIANO ANTOLOGIA,9.79E+12,CALVANI VITTORIA - FERRI CHIARA - MATTEI LUCA,NUOVO AMICO LIBRO,U,A. MONDADORI SCUOLA,"12,05"
FRMM84001L,ITALIANO ANTOLOGIA,9.79E+12,CALVANI VITTORIA - FERRI CHIARA - MATTEI LUCA,NUOVO AMICO LIBRO,3,A. MONDADORI SCUOLA,"30,40"
RMMM8AF01E,ITALIANO ANTOLOGIA,9.79E+12,CALVANI VITTORIA - FERRI CHIARA - MATTEI LUCA,NUOVO AMICO LIBRO     M B  + CONT DIGIT,3,A. MONDADORI SCUOLA,"25,45"
FRMM856016,ITALIANO ANTOLOGIA,9.79E+12,CALVANI VITTORIA - FERRI CHIARA - MATTEI LUCA,NUOVO AMICO LIBRO,3,A. MONDADORI SCUOLA,"27,95"
LTPM02101D,INGLESE,9.79E+12,WATSON HELEN - KNIPE SERGIO - NIGRA ILARIA,TRACKING GRAMMAR,U,A. MONDADORI SCUOLA,"27,35"
RMPS11201N,CHIMICA,9.79E+12,TOTTOLA FABIO - ALLEGREZZA AURORA - RIGHETTI MARILENA,BIOCHIMICA BLU PLUS,U,A. MONDADORI SCUOLA,"34,50"
VTPS010006,CHIMICA,9.79E+12,TOTTOLA FABIO,CHIMICA ORGANICA,U,A. MONDADORI SCUOLA,"13,50"
RMRH02000C,SCIENZE DELLA TERRA,9.79E+12,ZANOLI STEFANO,SCIENZE INTEGRATE SCIENZE DELLA TERRA,U,A. MONDADORI SCUOLA,"10,45"
RMRH04601N,BIOLOGIA,9.79E+12,ZANOLI STEFANO,SCIENZE INTEGRATE BIOLOGIA,U,A. MONDADORI SCUOLA,"10,45"
LTRI017012,SCIENZE INTEGRATE (FISICA),9.79E+12,STROPPA PIERO,SCIENZE INTEGRATE FISICA,U,A. MONDADORI SCUOLA,"10,45"
FRPM02101T,SCIENZE NATURALI,9.79E+12,CRIPPA MASSIMO - FIORANI MARCO - NEPGEN DONATELLA,SCIENZE NATURALI,1,A. MONDADORI SCUOLA,"20,85"
FRPM02101T,SCIENZE NATURALI,9.79E+12,CRIPPA MASSIMO - NEPGEN DONATELLA,SCIENZE NATURALI,2,A. MONDADORI SCUOLA,"20,85"
VTPS00401X,SCIENZE NATURALI,9.79E+12,CRIPPA MASSIMO - RUSCONI MASSIMILIANO - FIORANI MARCO,SCIENZE NATURALI,3,A. MONDADORI SCUOLA,"24,80"
FRRH007018,STORIA,9.79E+12,CALVANI VITTORIA,STORIA INTORNO A NOI (LA),1,A. MONDADORI SCUOLA,"20,20"
LTRA01602G,STORIA,9.79E+12,CALVANI VITTORIA,STORIA INTORNO A NOI (LA),1,A. MONDADORI SCUOLA,"19,20"
FRRH007018,STORIA,9.79E+12,CALVANI VITTORIA,STORIA INTORNO A NOI (LA),2,A. MONDADORI SCUOLA,"19,20"
RMRC10301B,STORIA,9.79E+12,CALVANI VITTORIA,STORIA INTORNO A NOI (LA),U,A. MONDADORI SCUOLA,"5,40"
LTRA01602G,GEOGRAFIA,9.79E+12,PERRONE MARIA - CARAGLIO GIACOMO,NOI SULLA TERRA,U,A. MONDADORI SCUOLA,"10,00"
LTPS04000R,SCIENZE NATURALI,9.79E+12,TOTTOLA FABIO - ALLEGREZZA AURORA - RIGHETTI MARILENA,BIOCHIMICA BLU,U,A. MONDADORI SCUOLA,"29,20"
FRPM02101T,ITALIANO LETTERATURA,9.79E+12,PRANDI STEFANO,VITA IMMAGINATA (LA),1,A. MONDADORI SCUOLA,"47,75"
FRPM02101T,ITALIANO LETTERATURA,9.79E+12,PRANDI STEFANO,VITA IMMAGINATA (LA),2,A. MONDADORI SCUOLA,"40,60"
FRPM02101T,ITALIANO LETTERATURA,9.79E+12,PRANDI STEFANO,VITA IMMAGINATA (LA),U,A. MONDADORI SCUOLA,"7,20"
LTPM030007,ITALIANO LETTERATURA,9.79E+12,PRANDI STEFANO,VITA IMMAGINATA (LA),3,A. MONDADORI SCUOLA,"50,80"
RMPS39000G,BIOLOGIA,9.79E+12,HOEFNAGELS MARIELLE,BIOLOGIA INDAGINE SULLA VITA LINEA BLU,U,A. MONDADORI SCUOLA,"24,30"
RMPS450002,BIOLOGIA,9.79E+12,HOEFNAGELS MARIELLE,BIOLOGIA INDAGINE SULLA VITA LINEA BLU,1,A. MONDADORI SCUOLA,"18,40"
RMPC23000X,BIOLOGIA,9.79E+12,HOEFNAGELS MARIELLE,BIOLOGIA INDAGINE SULLA VITA LINEA VERDE,U,A. MONDADORI SCUOLA,"21,25"
FRTF00601R,STORIA,9.79E+12,CALVANI VITTORIA,PRESENTE PASSATO PRESENTE,1,A. MONDADORI SCUOLA,"23,10"
FRTF00601R,STORIA,9.79E+12,CALVANI VITTORIA,PRESENTE PASSATO PRESENTE,2,A. MONDADORI SCUOLA,"22,05"
RMMM8F601G,ITALIANO,9.79E+12,MARRA,PREPARATI ALL'INVALSI DI ITALIANO,U,A. MONDADORI SCUOLA,"7,20"
RMRI08000G,STORIA,9.79E+12,CALVANI VITTORIA,STORIA INTORNO A NOI (LA),U,A. MONDADORI SCUOLA,"30,40"
LTPS060002,ITALIANO LETTERATURA,9.79E+12,PRANDI STEFANO,VITA IMMAGINATA (LA),1,A. MONDADORI SCUOLA,"42,65"
LTEE809019,IL LIBRO DELLA PRIMA CLASSE,9.79E+12,BRAMATI LAURA - LOCATELLI FRANCESCA - LOCATELLI SIMONA,GIOCAMICI,1,A. MONDADORI SCUOLA,"12,04"
RMMM89301X,EDUCAZIONE CIVICA,9.79E+12,CALVANI VITTORIA - VOLANTE MICHELA,FUTURO CHE SAREMO (IL),U,A. MONDADORI SCUOLA,"12,80"
RMPS060005,STORIA E GEOGRAFIA,9.79E+12,PARISI GIUSI - RIZZO DANIELA,GEOSTORIA CON METODO,1,A. MONDADORI SCUOLA,"27,40"
RMPC40000T,CHIMICA,9.79E+12,TOTTOLA FABIO - ALLEGREZZA AURORA - RIGHETTI MARILENA,BIOCHIMICA LINEA VERDE E SCIENZE DELLA TERRA,U,A. MONDADORI SCUOLA,"26,80"
LTEE81601C,SUSSIDIARIO DEI LINGUAGGI,9.79E+12,BONARIVA SIMONA - BRAMATI EMANUELA - BRAMATI LAURA,LEGGIAMO IL MONDO,1,A. MONDADORI SCUOLA,"15,59"
LTEE84301R,IL LIBRO DELLA PRIMA CLASSE,9.79E+12,BRAMATI LAURA - LOCATELLI FRANCESCA - LOCATELLI SIMONA,GIOCAMICI,1,A. MONDADORI SCUOLA,"12,04"
LTEE82201Q,SUSSIDIARIO DELLE DISCIPLINE,9.79E+12,BRAMATI EMANUELA - BRAMATI LAURA - FONTOLAN ANNA,SCOPRIAMO IL MONDO,1,A. MONDADORI SCUOLA,"19,37"
RMEE8BN01P,SUSSIDIARIO DELLE DISCIPLINE (AMBITO ANTROPOLOGICO),9.79E+12,BRAMATI EMANUELA - BRAMATI LAURA - FONTOLAN ANNA,SCOPRIAMO IL MONDO,1,A. MONDADORI SCUOLA,"9,69"
RMEE8EL02G,SUSSIDIARIO DELLE DISCIPLINE (AMBITO SCIENTIFICO),9.79E+12,BRAMATI EMANUELA - BRAMATI LAURA - FONTOLAN ANNA,SCOPRIAMO IL MONDO,1,A. MONDADORI SCUOLA,"9,68"
FRPM070002,ITALIANO LETTERATURA,9.79E+12,PRANDI STEFANO,MONDO NELLE PAROLE (IL),1,A. MONDADORI SCUOLA,"38,20"
LTRA01602G,SCIENZE INTEGRATE,9.79E+12,ZANOLI STEFANO - RANDAZZO FRANCESCO,SCIENZE INTEGRATE,U,A. MONDADORI SCUOLA,"20,80"
RMMM8DT01V,STORIA,9.79E+12,CALVANI VITTORIA,DOVE INIZIA IL FUTURO,1,A. MONDADORI SCUOLA,"22,80"
RMMM05300D,ITALIANO ANTOLOGIA,9.79E+12,CALVANI VITTORIA - FERRI CHIARA - MATTEI LUCA,NUOVO AMICO LIBRO,1,A. MONDADORI SCUOLA,"29,50"
RMSD11000B,LINGUA CINESE,9.79E+12,AA.VV,DIZIONARIO CINESE-ITALIANO,U,A.V.E MINIMA ROMA,"20,00"
RMPC150008,LATINO,9.79E+12,ORBERG HANS,FAMILIA ROMANA,1,ACCADEMIA VIVARIUM NOVUM EDIZ.,"20,00"
RMPC03201V,LATINO,9.79E+12,ORBERG HANS,EXERCITIA LATINA II  - (CAP. XXXVI-LVI),U,ACCADEMIA VIVARIUM NOVUM EDIZ.,"9,60"
LTPS001028,LATINO,9.79E+12,ORBERG HANS - BORRI TOMMASO - MIRAGLIA LUIGI,LATINE DISCO - EDIZIONE COMPATTA,U,ACCADEMIA VIVARIUM NOVUM EDIZ.,"23,50"
FRPM12000T,LATINO,9.79E+12,COOSEMNAS - JANSSENS - MAES P,QUADERNO DI ESERCIZI VOLUME I (CAP. I-XIX),1,ACCADEMIA VIVARIUM NOVUM EDIZ.,"8,90"
LTPS001028,LATINO,9.79E+12,COOSEMNAS - JANSSENS - MAES P,QUADERNO DI ESERCIZI VOLUME II (CAP. XX-XXXIV),2,ACCADEMIA VIVARIUM NOVUM EDIZ.,"8,90"
LTPS001028,LATINO,9.79E+12,ORBERG HANS,ROMA AETERNA + INDICES,U,ACCADEMIA VIVARIUM NOVUM EDIZ.,"22,60"
LTPS001028,LATINO,9.79E+12,CAIO GIULIO C,COMMENTARI DE BELLO GALLICO,U,ACCADEMIA VIVARIUM NOVUM EDIZ.,"7,70"
LTPS001028,GRECO,9.79E+12,BORRI T F - MIRAGLIA - M  BALME G  LAWALL L,ATHENAZE VOLUME I,U,ACCADEMIA VIVARIUM NOVUM EDIZ.,"22,00"
LTPS001028,LATINO,9.79E+12,ORBERG HANS,FAMILIA ROMANA: PARS I,U,ACCADEMIA VIVARIUM NOVUM EDIZ.,"19,90"
RMPC03201V,LATINO,9.79E+12,ORBERG HANS H,ENCHIRIDION DISCIPVLORVM - (CAP. XXXVI-LVI),U,ACCADEMIA VIVARIUM NOVUM EDIZ.,"6,70"
LTPS001028,GRECO,9.79E+12,BARBONE ALESSANDRO,QUADERNO DI ESERCIZI VOLUME I - (CAP. I-VIII),1,ACCADEMIA VIVARIUM NOVUM EDIZ.,"8,90"
LTPS001028,GRECO,9.79E+12,BARBONE ALESSANDRO,QUADERNO DI ESERCIZI VOLUME II - (CAP. IX-XVI),2,ACCADEMIA VIVARIUM NOVUM EDIZ.,"8,90"
RMPC29000G,GRECO,9.79E+12,BORRI T F - MIRAGLIA - M BALME G LAWALL L,ATHNAZE VOLUME II,U,ACCADEMIA VIVARIUM NOVUM EDIZ.,"25,00"
RMPC29000G,GRECO,9.79E+12,CONSOLI CARMELO,MELETMATA II,2,ACCADEMIA VIVARIUM NOVUM EDIZ.,"12,80"
RMPM040001,LATINO,9.79E+12,PLAUTO T  MACCIO,AMPHITRYO COMOEDIA,U,ACCADEMIA VIVARIUM NOVUM EDIZ.,"7,70"
RMPS06301N,LATINO,9.79E+12,MIRAGLIA LUIGI,FABVLAE SYRAE,U,ACCADEMIA VIVARIUM NOVUM EDIZ.,"10,90"
RMPC29000G,GRECO,9.79E+12,CONSOLI CARMELO,MELETMATA I,1,ACCADEMIA VIVARIUM NOVUM EDIZ.,"9,00"
RMPS114019,LATINO,9.79E+12,ORBERG HANS H,COLLOQUIA PERSONARUM,U,ACCADEMIA VIVARIUM NOVUM EDIZ.,"6,40"
RMPS090001,LATINO,9.79E+12,ORBERG HANS,FAMILIA ROMANA: PARS I + VITA MORESQUE,U,ACCADEMIA VIVARIUM NOVUM EDIZ.,"28,80"
FRPM08000L,LATINO,9.79E+12,ORBERG HANS H,FAMILIA ROMANA - PARS I  EDIZIONE MISTA,U,ACCADEMIA VIVARIUM NOVUM EDIZ.,"19,90"
RMPC03201V,LATINO,9.79E+12,ORBERG HANS - BORRI TOMMASO - MIRAGLIA LUIGI,LATINE DISCO - EDIZIONE COMPATTA,U,ACCADEMIA VIVARIUM NOVUM EDIZ.,"23,50"
RMPC03201V,LATINO,9.79E+12,ORBERG HANS H,ROMA AETERNA + INDICES EDIZIONE MISTA,U,ACCADEMIA VIVARIUM NOVUM EDIZ.,"22,60"
RMPC06201P,GRECO,9.79E+12,BORRI T F - MIRAGLIA - M  BALME G  LAWALL L,ATHNAZE VOLUME I  EDIZIONE MISTA,U,ACCADEMIA VIVARIUM NOVUM EDIZ.,"22,00"
RMPC03201V,GRECO,9.79E+12,BORRI T F - MIRAGLIA - M BALME G LAWALL L,ATHNAZE VOLUME II  EDIZIONE MISTA,U,ACCADEMIA VIVARIUM NOVUM EDIZ.,"25,00"
RMPC31000G,LATINO,9.79E+12,ORBERG HANS H,EXERCITIA LATINA I,U,ACCADEMIA VIVARIUM NOVUM EDIZ.,"7,70"
RMPS320009,LATINO,9.79E+12,CARFAGNI ROBERTO,NOVA EXERCITIA LATINA,U,ACCADEMIA VIVARIUM NOVUM EDIZ.,"11,60"
LTPC021019,FILOSOFIA,9.79E+12,FABIO BENTIVOGLIO - MASSIMO BONTEMPELLI,TEMPO DELLA FILOSOFIA (IL),1,ACCADEMIA VIVARIUM NOVUM EDIZ.,"29,00"
LTPC021019,FILOSOFIA,9.79E+12,FABIO BENTIVOGLIO - MASSIMO BONTEMPELLI,TEMPO DELLA FILOSOFIA (IL),2,ACCADEMIA VIVARIUM NOVUM EDIZ.,"33,00"
LTPC021019,FILOSOFIA,9.79E+12,FABIO BENTIVOGLIO - MASSIMO BONTEMPELLI,TEMPO DELLA FILOSOFIA (IL),3,ACCADEMIA VIVARIUM NOVUM EDIZ.,"34,00"
LTPM030007,"TEORIA, ANALISI E COMPOSIZIONE",9.79E+12,POLTRONIERI NERINA,ESERCIZI PROGRESSIVI DI SOLFEGGI PARLATI E CANTATI VOL.3,U,ACCORD FOR MUSIC,"10,58"
LTPM030007,"TEORIA, ANALISI E COMPOSIZIONE",9.79E+12,POLTRONIERI,LEZIONI DI TEORIA MUSICALE,U,ACCORD FOR MUSIC,"10,58"
RMRV089015,INGLESE,9.79E+12,POLICHETTI RAFFAELE - TOOLE SHIRLEY,ENGRAM,U,AGORA'EDIZIONI SCOLASTICHE,"33,90"
FRMM454002,MUSICA,9.79E+12,DANTE AGOSTINI,METODO BATTERIA 1,U,AGOSTINI DANTE,"27,30"
RMPS073018,ITALIANO,9.79E+12,MANZONI ALESSANDRO,PROMESSI SPOSI (I),U,AIRONE,"8,00"
RMPS073018,ITALIANO,9.79E+12,MAZZI LUCIO,PROMESSI SPOSI - QUESTIONARIO (I),U,AIRONE,"6,00"
RMPS090001,ITALIANO,9.79E+12,MANZONI ALESSANDRO,PROMESSI SPOSI (I),U,AIRONE,"14,00"
FRTD01301N,ITALIANO,9.79E+12,MANZONI ALESSANDRO,PROMESSI SPOSI (I),U,ALFA EDIZIONI,"17,90"
VTPS00101C,SCIENZE MOTORIE E SPORTIVE,9.79E+12,AMBRETTI PIERO - MAZZI LUCIO,IDEA MOVIMENTO,U,ALICE EDIZIONI,"16,90"
RMMM81401V,SCIENZE MOTORIE E SPORTIVE,9.79E+12,PELLI ASSUNTA,CORPO IN MOVIMENTO (IL),U,ALICE EDIZIONI,"9,00"
RMTD09602T,DIRITTO CODICI,9.79E+12,DRAGO MASSIMO,CODOCE CIVILE 2017,U,ALPHA TEST,"12,90"
RMPC27000A,SPAGNOLO,9.79E+12,AA VV,LITERATURA ESPANOLA BACHILLERATO PACK,U,ANAYA,"29,95"
LTMM818013,INGLESE,9.79E+12,ROWLEY VANESSA,BITGENERATION,U,APEIRON EDITORE,"16,50"
LTPM030007,TECNOLOGIE MUSICALI,9.79E+12,VINCENZO LOMBARDO - ANDREA VALLE,"AUDIO E MULTIMEDIA, 3A EDIZIONE",U,APOGEO,"39,00"
VTPM010007,TECNICA DEL SUONO,9.79E+12,VINCENZO LOMBARDO - ANDREA VALLE,AUDIO E MULTIMEDIA,U,APOGEO EDUCATION,"42,00"
RMTD19000N,TRATTAMENTO TESTI,9.79E+12,DISTEFANO MAURO,GIOCO DELLA PARTITA DOPPIA (IL),U,ARACNE EDITRICE S.R.L.,"11,00"
RMMM8GZ01N,ITALIANO,9.79E+12,BERTI ALDO,"DEI, EROI E CAVALIERI",U,ARCHIMEDE EDIZIONI,"9,35"
RMMM820016,GEOGRAFIA,9.79E+12,MONACI GIORGIO - RAGAZZI BENEDETTA,GEOVISUAL 1,1,ARCHIMEDE EDIZIONI,"22,40"
RMMM820016,GEOGRAFIA,9.79E+12,MONACI GIORGIO - RAGAZZI BENEDETTA,GEOVISUAL 2,2,ARCHIMEDE EDIZIONI,"22,40"
RMPC04000R,LATINO,9.79E+12,FORNARI VITTORIO,VERBA ET SENTENTIAE,U,ARCHIMEDE EDIZIONI,"18,80"
RMTF110003,ITALIANO GRAMMATICA,9.79E+12,FRANZI TIZIANO - DAMELE SIMONETTA,PIU' ITALIANO+PROVE INVALSI,U,ARCHIMEDE EDIZIONI,"25,50"
RITD090006,ITALIANO ANTOLOGIE,9.79E+12,BRENNA SIMONA - CAIMI MARILENA - SENNA PAOLO,"INGRESSO LIBERO  NARRATIVA, LINGUAGGI VISIVI, ATTUALIT",1,ARCHIMEDE EDIZIONI,"20,10"
RMRA06101G,ITALIANO ANTOLOGIE,9.79E+12,BRENNA SIMONA - CAIMI MARILENA - SENNA PAOLO,"INGRESSO LIBERO  POESIA E TEATRO, LINGUAGGI VISIVI, ATTUALIT",2,ARCHIMEDE EDIZIONI,"16,90"
RMMM84401P,GEOGRAFIA,9.79E+12,MONACI,VIVI LA TERRA 2,2,ARCHIMEDE EDIZIONI,"19,50"
RMMM8DV01E,GEOGRAFIA,9.79E+12,MONACI,VIVI LA TERRA 3,3,ARCHIMEDE EDIZIONI,"22,50"
FRRH030008,SCIENZE MOTORIE E SPORTIVE,9.79E+12,VICINI MARISA,DIARIO DI SCIENZE MOTORIE E SPORTIVE,U,ARCHIMEDE EDIZIONI,"18,40"
RMMM8EE015,ITALIANO GRAMMATICA,9.79E+12,FRANZI,REGOLE IN GIOCO + COMPETENZE CON ACTIVEBOOK,U,ARCHIMEDE EDIZIONI,"27,20"
RIMM806019,ITALIANO ANTOLOGIA,9.79E+12,ALBONICO - CONCA - SINGUAROLI,FILI DEL RACCONTO 1,1,ARCHIMEDE EDIZIONI,"27,90"
LTMM83101D,ITALIANO ANTOLOGIA,9.79E+12,ALBONICO - CONCA - SINGUAROLI,FILI DEL RACCONTO 2,2,ARCHIMEDE EDIZIONI,"29,10"
FRMM807022,ITALIANO ANTOLOGIA,9.79E+12,ALBONICO - CONCA - SINGUAROLI,FILI DEL RACCONTO 3,3,ARCHIMEDE EDIZIONI,"27,50"
RMMM8DX016,GEOGRAFIA,9.79E+12,MONACI GIORGIO - RAGAZZI BENEDETTA,TERRA CHE CAMBIA 1,1,ARCHIMEDE EDIZIONI,"21,40"
RMMM8DX016,GEOGRAFIA,9.79E+12,MONACI GIORGIO - RAGAZZI BENEDETTA,TERRA CHE CAMBIA 2,2,ARCHIMEDE EDIZIONI,"19,10"
RMMM8DX016,GEOGRAFIA,9.79E+12,MONACI GIORGIO - RAGAZZI BENEDETTA,TERRA CHE CAMBIA 3,3,ARCHIMEDE EDIZIONI,"20,80"
RMMM8G201V,GEOGRAFIA,9.79E+12,MONACI GIORGIO - RAGAZZI BENEDETTA,VIVI LA TERRA 1 - EDIZIONE DIGITALE,1,ARCHIMEDE EDIZIONI,"20,10"
LTMM85301A,ITALIANO ANTOLOGIA,9.79E+12,ALBONICO - CONCA - SINGUAROLI,FILI DEL RACCONTO 3 - EDIZIONE MYLAB,3,ARCHIMEDE EDIZIONI,"30,40"
LTMM83101D,ITALIANO ANTOLOGIA,9.79E+12,ALBONICO - CONCA - SINGUAROLI,FILI DEL RACCONTO PLUS 1,1,ARCHIMEDE EDIZIONI,"28,20"
RMMM8G201V,GEOGRAFIA,9.79E+12,MONACI GIORGIO - RAGAZZI BENEDETTA,VIVI LA TERRA 3,3,ARCHIMEDE EDIZIONI,"21,40"
RIMM808011,ITALIANO ANTOLOGIA,9.79E+12,ALBONICO - CONCA - SINGUAROLI,FILI DEL RACCONTO PLUS 2,2,ARCHIMEDE EDIZIONI,"29,80"
FRMM81202D,ITALIANO ANTOLOGIA,9.79E+12,ALBONICO - CONCA - SINGUAROLI,FILI DEL RACCONTO PLUS 3,3,ARCHIMEDE EDIZIONI,"29,80"
RMMM8G201V,GEOGRAFIA,9.79E+12,MONACI GIORGIO - RAGAZZI BENEDETTA,VIVI LA TERRA 2,2,ARCHIMEDE EDIZIONI,"18,30"
RIMM81701Q,ITALIANO ANTOLOGIA,9.79E+12,ALBONICO - CONCA - SINGUAROLI,FILI DEL RACCONTO EDIZIONE LEGGERA 1,1,ARCHIMEDE EDIZIONI,"20,60"
RIMM81701Q,ITALIANO ANTOLOGIA,9.79E+12,OGLIO M.,FILI DEL RACCONTO MITO E EPICA (VENDITA SEPARATA),U,ARCHIMEDE EDIZIONI,"6,30"
RIMM81701Q,ITALIANO ANTOLOGIA,9.79E+12,ALBONICO - CONCA - SINGUAROLI,FILI DEL RACCONTO EDIZIONE LEGGERA 2,2,ARCHIMEDE EDIZIONI,"19,60"
RIMM81701Q,ITALIANO ANTOLOGIA,9.79E+12,OGLIO M.,FILI DEL RACCONTO  LETTERATURA (VENDITA SEPARATA),U,ARCHIMEDE EDIZIONI,"8,40"
FRMM81604V,ITALIANO ANTOLOGIA,9.79E+12,ALBONICO - CONCA - SINGUAROLI,FILI DEL RACCONTO EDIZIONE LEGGERA 3,3,ARCHIMEDE EDIZIONI,"21,50"
RIMM81702R,ITALIANO ANTOLOGIA,9.79E+12,ALBONICO - CONCA - SINGUAROLI,FILI DEL RACCONTO EDIZIONE LEGGERA PERCORSI DEL NOVECENTO (VENDITA SEPARATA),U,ARCHIMEDE EDIZIONI,"5,20"
LTMM804015,GEOGRAFIA,9.79E+12,CORBELLINI,CAMPO BASE 1 - 360,1,ARCHIMEDE EDIZIONI,"20,00"
LTMM804015,GEOGRAFIA,9.79E+12,CORBELLINI,CAMPO BASE 2,2,ARCHIMEDE EDIZIONI,"19,20"
LTMM846017,GEOGRAFIA,9.79E+12,CORBELLINI,CAMPO BASE 1 CON ACTIVEBOOK,1,ARCHIMEDE EDIZIONI,"22,20"
LTMM846017,GEOGRAFIA,9.79E+12,CORBELLINI,CAMPO BASE 2 - EDIZIONE ACTIVEBOOK,2,ARCHIMEDE EDIZIONI,"21,40"
LTMM82101V,GEOGRAFIA,9.79E+12,CORBELLINI,CAMPO BASE 3 - EDIZIONE ACTIVEBOOK,3,ARCHIMEDE EDIZIONI,"23,10"
RMMM8F9013,GEOGRAFIA,9.79E+12,CORBELLINI,CAMPO BASE 1 EDIZIONE LIGHT,1,ARCHIMEDE EDIZIONI,"18,00"
FRMM84001L,ITALIANO ANTOLOGIA,9.79E+12,AA VV,UN LIBRO TUTTO PER ME 1,1,ARCHIMEDE EDIZIONI,"27,00"
FRMM84001L,ITALIANO ANTOLOGIA,9.79E+12,AA VV,LIBRO TUTTO PER ME 2 VOL+LETTER.ITALIANA+LIMPARAFACILE+ITE+MYLAB+D,2,ARCHIMEDE EDIZIONI,"27,00"
FRMM84001L,ITALIANO ANTOLOGIA,9.79E+12,AA VV,LIBRO TUTTO PER ME 3 VOL+LETTER.DEL900+LIMPARAFACILE+PASSAPORTO+IT,3,ARCHIMEDE EDIZIONI,"28,10"
RMMM8BQ019,ITALIANO ANTOLOGIA,9.79E+12,AA VV,UN LIBRO TUTTO PER ME 2 - (MODALIT DIGITALE C),2,ARCHIMEDE EDIZIONI,"17,85"
RMMM8BQ019,ITALIANO ANTOLOGIA,9.79E+12,AA VV,UN LIBRO TUTTO PER ME 3 - (MODALIT DIGITALE C),U,ARCHIMEDE EDIZIONI,"18,55"
LTMM83601L,ITALIANO ANTOLOGIA,9.79E+12,AA VV,LIBRO TUTTO PER ME 3 ED.LIGHT VOL++IMPARAFACILE+PASSAPORTO+ITE+MYLAB+DIDAST,3,ARCHIMEDE EDIZIONI,"24,30"
RMMM83601Q,ITALIANO ANTOLOGIA,9.79E+12,LONGOBARDI,UN LIBRO TUTTO PER ME - LETTERATURA DEL '900 EDIZIONE LIGHT,U,ARCHIMEDE EDIZIONI,"6,30"
LTMM804015,GEOGRAFIA,9.79E+12,CORBELLINI,CAMPO BASE 3 ED.COMPETENZE VOL+ATL.+LIMPARAFACILE+TEMIDATTUALIT+PASSAPO,3,ARCHIMEDE EDIZIONI,"20,90"
FRMM830034,CITTADINANZA E COSTITUZIONE,9.79E+12,BRAZZELLI FILIPPO,ATTRAVERSO LA COSTITUZIONE,U,ARDEA EDITRICE,"14,50"
FREE814059,RELIGIONE,9.79E+12,ANNA RIVETTI,NUOVO CORAGGIO DELL'AMORE 1/2/3 (IL),U,ARDEA EDITRICE,"7,40"
LTMM82301E,FRANCESE,9.79E+12,FAIELLA FRANCESCA - LEMANOSSIER SONIA,EN ROUTE,U,ARDEA EDITRICE,"13,00"
RMEE892037,SUSSIDIARIO DEI LINGUAGGI,9.79E+12,DATTOLICO ROSA,SEMPRE DI PIU'...4,1,ARDEA EDITRICE,"15,59"
RMEE892037,SUSSIDIARIO DEI LINGUAGGI,9.79E+12,DATTOLICO ROSA,SEMPRE DI PIU'..5,2,ARDEA EDITRICE,"18,92"
RMEE8AM018,IL LIBRO DELLA PRIMA CLASSE,9.79E+12,DATTOLICO ROSA,STREPITOSO ! 1- METODO ROSSO,1,ARDEA EDITRICE,"12,04"
RMEE8AM018,SUSSIDIARIO,9.79E+12,DATTOLICO ROSA,STREPITOSO ! 2,2,ARDEA EDITRICE,"16,88"
FREE828013,SUSSIDIARIO,9.79E+12,DATTOLICO ROSA,STREPITOSO ! 3,3,ARDEA EDITRICE,"24,11"
FREE056018,SUSSIDIARIO DELLE DISCIPLINE (AMBITO ANTROPOLOGICO),9.79E+12,GABRIELLA MANZONI - CHIARA CANDIANI - PAOLO RASCHELLA',CI SIAMO TUTTI! STORIA - GEOGRAFIA 4,1,ARDEA EDITRICE,"9,69"
FREE056018,SUSSIDIARIO DELLE DISCIPLINE (AMBITO SCIENTIFICO),9.79E+12,PAOLO RASCHELLA' - LAURA COLOMBO,CI SIAMO TUTTI! SCIENZE-MATEMATICA-TECNOLOGIA 4,1,ARDEA EDITRICE,"9,68"
FREE056018,SUSSIDIARIO DELLE DISCIPLINE (AMBITO ANTROPOLOGICO),9.79E+12,GABRIELLA MANZONI - AMALIA MERATI - PAOLO RASCHELLA',CI SIAMO TUTTI! STORIA - GEOGRAFIA 5,2,ARDEA EDITRICE,"11,29"
FREE056018,SUSSIDIARIO DELLE DISCIPLINE (AMBITO SCIENTIFICO),9.79E+12,PAOLO RASCHELLA' - LAURA COLOMBO,CI SIAMO TUTTI! SCIENZE-MATEMATICA-TECNOLOGIA 5,2,ARDEA EDITRICE,"11,28"
RIEE808034,SUSSIDIARIO DELLE DISCIPLINE,9.79E+12,RASCHELLA'-CANDIANI-MANZONI - COLOMBO,CI SIAMO TUTTI! 4 VOLUME UNICO SUSSIDIARIO DELLE DISCIPLINE,1,ARDEA EDITRICE,"19,37"
RIEE808034,SUSSIDIARIO DELLE DISCIPLINE,9.79E+12,RASCHELLA'-MERATI -MANZONI - COLOMBO,CI SIAMO TUTTI! 5 VOLUME UNICO SUSSIDIARIO DELLE DISCIPLINE,2,ARDEA EDITRICE,"22,57"
RMEE8BM01V,SUSSIDIARIO DEI LINGUAGGI,9.79E+12,ROSA DATTOLICO,CI SIAMO TUTTI! 5 SUSSIDIARIO DEI LINGUAGGI,2,ARDEA EDITRICE,"18,92"
RMEE8BY02V,SUSSIDIARIO DEI LINGUAGGI,9.79E+12,ROSA DATTOLICO,CI SIAMO TUTTI! 4 SUSSIDIARIO DEI LINGUAGGI,1,ARDEA EDITRICE,"15,59"
FREE84701C,IL LIBRO DELLA PRIMA CLASSE,9.79E+12,AA VV,TUTTI CON FRED 1,1,ARDEA EDITRICE,"12,04"
FREE80402G,SUSSIDIARIO DEI LINGUAGGI,9.79E+12,ROSA DATTOLICO - CENTRO DI RICERCA ARDEA,VIVA CHI LEGGE 4,1,ARDEA EDITRICE,"15,59"
FREE80402G,SUSSIDIARIO DEI LINGUAGGI,9.79E+12,ROSA DATTOLICO - CENTRO DI RICERCA ARDEA,VIVA CHI LEGGE 5,2,ARDEA EDITRICE,"18,92"
FREE830079,IL LIBRO DELLA PRIMA CLASSE,9.79E+12,ROSA DATTOLICO - TIZIANA TROTTA,A SCUOLA CON FRED 1,1,ARDEA EDITRICE,"12,04"
FREE830079,SUSSIDIARIO,9.79E+12,ROSA DATTOLICO - TIZIANA TROTTA,A SCUOLA CON FRED 2,2,ARDEA EDITRICE,"16,88"
RMEE30704G,SUSSIDIARIO DELLE DISCIPLINE,9.79E+12,CENTRO RICERCA ARDEA EDITRICE,PIANETA DISCIPLINE 4 SET - STORIA+GEOG.+MATEM.+SCIENZE+ATL.+ED. CIVICA+MAPPE,1,ARDEA EDITRICE,"19,37"
RMEE309014,SUSSIDIARIO DELLE DISCIPLINE (AMBITO ANTROPOLOGICO),9.79E+12,CENTRO RICERCA ARDEA EDITRICE,PIANETA DISCIPLINE 4 AREA ANTROPOLOGICA,1,ARDEA EDITRICE,"9,69"
RMEE309014,SUSSIDIARIO DELLE DISCIPLINE (AMBITO SCIENTIFICO),9.79E+12,CENTRO RICERCA ARDEA EDITRICE,PIANETA DISCIPLINE 4 AREA SCIENTIFICA,1,ARDEA EDITRICE,"9,68"
FREE836023,SUSSIDIARIO DEI LINGUAGGI,9.79E+12,DATTOLICO ROSA,PIANETA LETTURA 4,1,ARDEA EDITRICE,"15,59"
LTRA01602G,AGRICOLTURA SOSTENIBILE E BIOLOGICA,9.79E+12,BENVENUTI VLADIMIRO,AGRICOLTURA BIOLOGICA E BIODINAMICA PER LO SVILUPPO SOSTENIBILE,U,ARMANDO EDITORE,"14,00"
VTTA020006,SCIENZE E TECNOLOGIE APPLICATE (RIORDINO),9.79E+12,LEONE MAURIZIO,SCIENZE E TECNOLOGIE APPLICATE,U,ARMANDO EDITORE,"24,00"
VTPS00101C,FILOSOFIA,9.79E+12,PLATONE,APOLOGIA DI SOCRATE,U,ARMANDO EDITORE,"8,50"
RMRC01351E,METODOLOGIE OPERATIVE,9.79E+12,PEDON ARRIGO,OPERATORE DEI SERVIZI SOCIALI (L'),1,ARMANDO EDITORE,"14,00"
RMPC06301E,LINGUA CINESE,9.79E+12,ARTHUS HELENE,CINESE. QUADERNO DI SCRITTURA. LE BASI,U,ASSIMIL ITALIA,"10,90"
FRPS02301C,STORIA DELL'ARTE,9.79E+12,DORFLES GILLO - RAGAZZI MARCELLO,CIVILTA' D'ARTE. EDIZIONE ARANCIO 1,1,ATLAS,"30,00"
FRPS02301C,STORIA DELL'ARTE,9.79E+12,DORFLES GILLO - DALLA COSTA CRISTINA - PIERANTI GABRIO,CIVILTA' D'ARTE. EDIZIONE ARANCIO 2,2,ATLAS,"30,00"
FRPS02301C,STORIA DELL'ARTE,9.79E+12,DORFLES GILLO - VETTESE ANGELA - PRINCI ELIANA,CIVILTA' D'ARTE. EDIZIONE ARANCIO - CLASSE QUINTA,3,ATLAS,"30,00"
RMRV089015,STORIA DELL'ARTE,9.79E+12,DORFLES GILLO - VETTESE ANGELA - PRINCI ELIANA,CIVILTA' D'ARTE. EDIZIONE ARANCIO CLASSE QUINTA + CONTEMPORARY ART,3,ATLAS,"32,90"
FRPM024019,SCIENZE MOTORIE E SPORTIVE,9.79E+12,VIRGILI FABRIZIO - PRESUTTI FAUSTO,VIVERE LO SPORT,U,ATLAS,"17,80"
RMMM8FT014,ARTE E IMMAGINE,9.79E+12,VETTESE ANGELA - PINOTTI ANNIBALE - MACETTI CLEMENTINA,LEGGERE L'ARTE,U,ATLAS,"30,90"
RMRC10201G,CHIMICA,9.79E+12,PISTARA' PAOLO,FONDAMENTI DI CHIMICA,U,ATLAS,"18,50"
RMMM819012,TECNOLOGIA,9.79E+12,PINOTTI ANNIBALE,TECNOMONDO A,U,ATLAS,"12,70"
FRPS040005,DISEGNO,9.79E+12,DORFLES GILLO - PINOTTI ANNIBALE,NUOVO DISEGNO E RAPPRESENTAZIONI GRAFICHE,U,ATLAS,"19,15"
RMPS17000L,DISEGNO,9.79E+12,PINOTTI ANNIBALE,ESERCIZIARIO DI DISEGNO,U,ATLAS,"4,50"
FRSD013018,DISCIPLINE GRAFICHE E PITTORICHE,9.79E+12,MACETTI CLEMENTINA - PINOTTI ANNIBALE,DISCIPLINE GRAFICHE E PITTORICHE,U,ATLAS,"27,30"
FRMM83902D,SCIENZE MOTORIE E SPORTIVE,9.79E+12,VIRGILI FABRIZIO - PRESUTTI FAUSTO,SPORT E VITA,U,ATLAS,"12,50"
FRTD01901L,INFORMATICA,9.79E+12,LORENZI AGOSTINO - GIUPPONI RICHELMO - CAVALLI ENRICO,INFORMATICA PER SIA 1,1,ATLAS,"28,20"
FRTD003013,INFORMATICA,9.79E+12,LORENZI AGOSTINO - GIUPPONI RICHELMO - CAVALLI ENRICO,INFORMATICA PER SIA 2,2,ATLAS,"25,50"
FRPM08000L,STORIA DELL'ARTE,9.79E+12,DORFLES GILLO - RAGAZZI MARCELLO,CAPIRE L'ARTE,1,ATLAS,"23,20"
FRPM08000L,STORIA DELL'ARTE,9.79E+12,DORFLES GILLO - DALLA COSTA CRISTINA - PIERANTI GABRIO,CAPIRE L'ARTE,2,ATLAS,"23,20"
FRPM08000L,STORIA DELL'ARTE,9.79E+12,DORFLES GILLO - VETTESE ANGELA - PRINCI ELIANA,CAPIRE L'ARTE,3,ATLAS,"24,50"
LTPC006017,STORIA DELL'ARTE,9.79E+12,DORFLES GILLO - VETTESE ANGELA - PRINCI ELIANA,CAPIRE L'ARTE + CONTEMPORARY ART,U,ATLAS,"26,30"
FRMM84502R,STORIA,9.79E+12,ZANINELLI SERGIO - CRISTIANI CLAUDIO - BONELLI GIOVANNA,STORIA 3,3,ATLAS,"23,20"
FRMM84502R,STORIA,9.79E+12,ZANINELLI SERGIO - CRISTIANI CLAUDIO - BONELLI GIOVANNA,STORIA ANTICA,U,ATLAS,"3,50"
FRPC00101C,DISEGNO E STORIA DELL'ARTE,9.79E+12,PINOTTI ANNIBALE,DISEGNO: GEOMETRIA E ARTE 1,1,ATLAS,"19,50"
FRPC00101C,DISEGNO E STORIA DELL'ARTE,9.79E+12,PINOTTI ANNIBALE,DISEGNO: GEOMETRIA E ARTE 2,2,ATLAS,"19,15"
FRRC00801V,MATEMATICA,9.79E+12,RE FRASCHINI MARZIA - GRAZZI GABRIELLA,CALCOLI E TEOREMI 1,1,ATLAS,"16,50"
FRRC00801V,MATEMATICA,9.79E+12,RE FRASCHINI MARZIA - GRAZZI GABRIELLA,CALCOLI E TEOREMI 2,2,ATLAS,"16,50"
FRMM814014,TECNOLOGIA,9.79E+12,SOTTSASS ETTORE - PINOTTI ANNIBALE,TECNOIDEA A + B,U,ATLAS,"23,00"
LTTF001019,TECNOLOGIE INFORMATICHE,9.79E+12,LORENZI AGOSTINO - GOVONI MASSIMO,TECNOLOGIE INFORMATICHE. RELEASE 2.0,U,ATLAS,"20,30"
FRTF018013,INFORMATICA,9.79E+12,LORENZI AGOSTINO - RIZZI ANDREA,JAVA. PROGRAMMAZIONE AD OGGETTI E APPLICAZIONI ANDROID,U,ATLAS,"25,20"
RMTD030005,SISTEMI E RETI,9.79E+12,LORENZI AGOSTINO - GIUPPONI RICHELMO - IOVINO DANIELA,LINGUAGGI WEB. LATO CLIENT,U,ATLAS,"13,50"
FRRI01101B,COMUNICAZIONI VISIVE,9.79E+12,DORFLES GILLO - PINOTTI ANNIBALE,NUOVA COMUNICAZIONE VISIVA,U,ATLAS,"12,40"
VTMM83301A,ARTE E IMMAGINE,9.79E+12,DORFLES GILLO - DALLA COSTA CRISTINA - RAGAZZI MARCELLO,IMMAGINI D'ARTE - LINGUAGGIO + STORIA DELL'ARTE (TRE VOLUMI),U,ATLAS,"30,90"
RMMM8D601A,ARTE E IMMAGINE,9.79E+12,DORFLES GILLO - DALLA COSTA CRISTINA - RAGAZZI MARCELLO,IMMAGINI D'ARTE,U,ATLAS,"11,40"
RMMM8BC01N,ARTE E IMMAGINE,9.79E+12,DORFLES GILLO - DALLA COSTA CRISTINA - RAGAZZI MARCELLO,IMMAGINI D'ARTE,3,ATLAS,"7,20"
RMMM8EX01R,ARTE E IMMAGINE,9.79E+12,DORFLES GILLO - DALLA COSTA CRISTINA - RAGAZZI MARCELLO,IMMAGINI D'ARTE - STORIA DELL'ARTE,U,ATLAS,"21,40"
RMMM84501E,ARTE E IMMAGINE,9.79E+12,DORFLES GILLO - DALLA COSTA CRISTINA - RAGAZZI MARCELLO,IMMAGINI D'ARTE - LINGUAGGIO + STORIA DELL'ARTE (VOL. UNICO),U,ATLAS,"30,90"
RMPC14000N,ITALIANO LETTERATURA,9.79E+12,BARBERI SQUAROTTI GIORGIO - AMORETTI GIANGIACOMO - BALBIS GIANNINO,CONTESTI LETTERARI 1 + STRUMENTI DI ANALISI,1,ATLAS,"20,60"
RMPC14000N,ITALIANO LETTERATURA,9.79E+12,BARBERI SQUAROTTI GIORGIO - AMORETTI GIANGIACOMO - BALBIS GIANNINO,CONTESTI LETTERARI 2,2,ATLAS,"20,60"
RMPS07201C,ITALIANO LETTERATURA,9.79E+12,BARBERI SQUAROTTI GIORGIO - AMORETTI GIANGIACOMO - BALBIS GIANNINO,CONTESTI LETTERARI 3,3,ATLAS,"19,50"
RMPS07201C,ITALIANO LETTERATURA,9.79E+12,BARBERI SQUAROTTI GIORGIO - AMORETTI GIANGIACOMO - BALBIS GIANNINO,CONTESTI LETTERARI 4,4,ATLAS,"17,50"
RMPC14000N,ITALIANO LETTERATURA,9.79E+12,BARBERI SQUAROTTI GIORGIO - AMORETTI GIANGIACOMO - BALBIS GIANNINO,CONTESTI LETTERARI 5,5,ATLAS,"20,60"
RMPC14000N,ITALIANO LETTERATURA,9.79E+12,BARBERI SQUAROTTI GIORGIO - AMORETTI GIANGIACOMO - BALBIS GIANNINO,CONTESTI LETTERARI 6,6,ATLAS,"20,60"
RMTF108014,ITALIANO LETTERATURA,9.79E+12,BARBERI SQUAROTTI GIORGIO - AMORETTI GIANGIACOMO - BALBIS GIANNINO,CONTESTI LETTERARI 7,7,ATLAS,"20,60"
RMPS46000L,BIOLOGIA,9.79E+12,ZULLINI ALDO - SPARVOLI ANTONELLA - SPARVOLI FRANCESCA,SCIENZE BIOLOGICHE,U,ATLAS,"19,90"
LTPC021019,SCIENZE DELLA TERRA,9.79E+12,ZULLINI ALDO - SCAIONI UGO,ITINERARI DI SCIENZE DELLA TERRA,U,ATLAS,"13,00"
RMMM8ED019,GEOGRAFIA,9.79E+12,PRATESI FULCO - EBLASI ALESSANDRO,INVIATO SPECIALE 2,2,ATLAS,"18,90"
RMMM8ED019,GEOGRAFIA,9.79E+12,PRATESI FULCO - EBLASI ALESSANDRO,INVIATO SPECIALE 3,3,ATLAS,"19,60"
RMMM8ED019,GEOGRAFIA,9.79E+12,PRATESI FULCO - EBLASI ALESSANDRO,INVIATO SPECIALE,U,ATLAS,"3,50"
FRSD021017,DISCIPLINE GRAFICHE E PITTORICHE,9.79E+12,MACETTI CLEMENTINA - PINOTTI ANNIBALE,GRAFICA & ARTE,U,ATLAS,"26,60"
RMSD06000G,LABORATORIO ARTISTICO,9.79E+12,MACETTI CLEMENTINA - PINOTTI ANNIBALE,LABORATORIO ARTISTICO,U,ATLAS,"26,60"
RMPM02701G,ITALIANO ANTOLOGIE,9.79E+12,DE COSTANZO DIEGO - BERGOMI LETIZIA,CAFFE' LETTERARIO (IL) - RACCONTO E ROMANZO + RACCONTI PER UN ANNO,U,ATLAS,"23,20"
,,,,,,,
,,,,,,,
,,,,,,,
,,,,,,,
,,,,,,,
,,,,,,,
,,,,,,,
,,,,,,,
,,,,,,,
,,,,,,,
,,,,,,,
,,,,,,,
,,,,,,,
,,,,,,,
,,,,,,,
,,,,,,,
,,,,,,,
,,,,,,,
,,,,,,,
,,,,,,,
,,,,,,,
,,,,,,,
,,,,,,,
,,,,,,,
,,,,,,,
,,,,,,,
,,,,,,,
,,,,,,,
,,,,,,,
,,,,,,,
,,,,,,,
,,,,,,,
,,,,,,,
,,,,,,,
,,,,,,,
,,,,,,,
,,,,,,,
,,,,,,,
,,,,,,,
,,,,,,,
,,,,,,,
,,,,,,,
,,,,,,,
,,,,,,,
,,,,,,,
,,,,,,,
,,,,,,,
,,,,,,,
,,,,,,,
,,,,,,,
,,,,,,,
,,,,,,,
,,,,,,,
,,,,,,,
,,,,,,,
,,,,,,,
,,,,,,,
,,,,,,,
,,,,,,,
,,,,,,,
,,,,,,,
,,,,,,,
,,,,,,,
,,,,,,,
,,,,,,,
,,,,,,,
,,,,,,,
,,,,,,,
,,,,,,,
,,,,,,,
,,,,,,,
,,,,,,,
,,,,,,,
,,,,,,,
,,,,,,,
,,,,,,,
,,,,,,,
,,,,,,,
,,,,,,,
,,,,,,,
,,,,,,,
,,,,,,,
,,,,,,,
,,,,,,,
,,,,,,,
,,,,,,,
,,,,,,,
,,,,,,,
,,,,,,,
,,,,,,,
,,,,,,,
,,,,,,,
,,,,,,,
,,,,,,,
,,,,,,,
,,,,,,,
,,,,,,,
,,,,,,,
,,,,,,,
,,,,,,,
,,,,,,,
,,,,,,,
,,,,,,,
,,,,,,,
,,,,,,,
,,,,,,,
,,,,,,,
,,,,,,,
,,,,,,,
,,,,,,,
,,,,,,,
,,,,,,,
,,,,,,,
,,,,,,,
,,,,,,,
,,,,,,,
,,,,,,,
,,,,,,,
,,,,,,,
,,,,,,,
,,,,,,,
,,,,,,,
,,,,,,,
,,,,,,,
,,,,,,,
,,,,,,,
,,,,,,,
,,,,,,,
,,,,,,,
,,,,,,,
,,,,,,,
,,,,,,,
,,,,,,,
,,,,,,,
,,,,,,,
,,,,,,,
,,,,,,,
,,,,,,,
,,,,,,,
,,,,,,,
,,,,,,,
,,,,,,,
,,,,,,,
,,,,,,,
,,,,,,,
,,,,,,,
,,,,,,,
,,,,,,,
,,,,,,,
,,,,,,,
,,,,,,,
,,,,,,,
,,,,,,,
,,,,,,,
,,,,,,,
,,,,,,,
,,,,,,,
,,,,,,,
,,,,,,,
,,,,,,,
,,,,,,,
,,,,,,,
,,,,,,,
,,,,,,,
,,,,,,,
,,,,,,,
,,,,,,,
,,,,,,,
,,,,,,,
,,,,,,,
,,,,,,,
,,,,,,,
,,,,,,,
,,,,,,,
,,,,,,,
,,,,,,,
,,,,,,,
,,,,,,,
,,,,,,,
,,,,,,,
,,,,,,,
,,,,,,,
,,,,,,,
,,,,,,,
,,,,,,,
,,,,,,,
,,,,,,,
,,,,,,,
,,,,,,,
,,,,,,,
,,,,,,,
,,,,,,,
,,,,,,,
,,,,,,,
,,,,,,,
,,,,,,,
,,,,,,,
,,,,,,,
,,,,,,,
,,,,,,,
,,,,,,,
,,,,,,,
,,,,,,,
,,,,,,,
,,,,,,,
,,,,,,,
,,,,,,,
,,,,,,,
,,,,,,,
,,,,,,,
,,,,,,,
,,,,,,,
,,,,,,,
,,,,,,,
,,,,,,,
,,,,,,,
,,,,,,,
,,,,,,,
,,,,,,,
,,,,,,,
,,,,,,,
,,,,,,,
,,,,,,,
,,,,,,,
,,,,,,,
,,,,,,,
,,,,,,,
,,,,,,,
,,,,,,,
,,,,,,,
,,,,,,,
,,,,,,,
,,,,,,,
,,,,,,,
,,,,,,,
,,,,,,,
,,,,,,,
,,,,,,,
,,,,,,,
,,,,,,,
,,,,,,,
,,,,,,,
,,,,,,,
,,,,,,,
,,,,,,,
,,,,,,,
,,,,,,,
,,,,,,,
,,,,,,,
,,,,,,,
,,,,,,,
,,,,,,,
,,,,,,,
,,,,,,,
,,,,,,,
,,,,,,,
,,,,,,,
,,,,,,,
,,,,,,,
,,,,,,,
,,,,,,,
,,,,,,,
,,,,,,,
,,,,,,,
,,,,,,,
,,,,,,,
,,,,,,,
,,,,,,,
,,,,,,,
,,,,,,,
,,,,,,,
,,,,,,,
,,,,,,,
,,,,,,,
,,,,,,,
,,,,,,,
,,,,,,,
,,,,,,,
,,,,,,,
,,,,,,,
,,,,,,,
,,,,,,,
,,,,,,,
,,,,,,,
,,,,,,,
,,,,,,,
,,,,,,,
,,,,,,,
,,,,,,,
,,,,,,,
,,,,,,,
,,,,,,,
,,,,,,,
,,,,,,,
,,,,,,,
,,,,,,,
,,,,,,,
,,,,,,,
,,,,,,,
,,,,,,,
,,,,,,,
,,,,,,,
,,,,,,,
,,,,,,,
,,,,,,,
,,,,,,,
,,,,,,,
,,,,,,,
,,,,,,,
,,,,,,,
,,,,,,,
,,,,,,,
,,,,,,,
,,,,,,,
,,,,,,,
,,,,,,,
,,,,,,,
,,,,,,,
,,,,,,,
,,,,,,,
,,,,,,,
,,,,,,,
,,,,,,,
,,,,,,,
,,,,,,,
,,,,,,,
,,,,,,,
,,,,,,,
,,,,,,,
,,,,,,,
,,,,,,,
,,,,,,,
,,,,,,,
,,,,,,,
,,,,,,,
,,,,,,,
,,,,,,,
,,,,,,,
,,,,,,,
,,,,,,,
,,,,,,,
,,,,,,,
,,,,,,,
,,,,,,,
,,,,,,,
,,,,,,,
,,,,,,,
,,,,,,,
,,,,,,,
,,,,,,,
,,,,,,,
,,,,,,,
,,,,,,,
,,,,,,,
,,,,,,,
,,,,,,,
,,,,,,,
,,,,,,,
,,,,,,,
,,,,,,,
,,,,,,,
,,,,,,,
,,,,,,,
,,,,,,,
,,,,,,,
,,,,,,,
,,,,,,,
,,,,,,,
,,,,,,,
,,,,,,,
,,,,,,,
,,,,,,,
,,,,,,,
,,,,,,,
,,,,,,,
,,,,,,,
,,,,,,,
,,,,,,,
,,,,,,,
,,,,,,,
,,,,,,,
,,,,,,,
,,,,,,,
,,,,,,,
,,,,,,,
,,,,,,,
,,,,,,,
,,,,,,,
,,,,,,,
,,,,,,,
,,,,,,,
,,,,,,,
,,,,,,,
,,,,,,,
,,,,,,,
,,,,,,,
,,,,,,,
,,,,,,,
,,,,,,,
,,,,,,,
,,,,,,,
,,,,,,,
,,,,,,,
,,,,,,,
,,,,,,,
,,,,,,,
,,,,,,,
,,,,,,,
,,,,,,,
,,,,,,,
,,,,,,,
,,,,,,,
,,,,,,,
,,,,,,,
,,,,,,,
,,,,,,,
,,,,,,,
,,,,,,,
,,,,,,,
,,,,,,,
,,,,,,,
,,,,,,,
,,,,,,,
,,,,,,,
,,,,,,,
,,,,,,,
,,,,,,,
,,,,,,,
,,,,,,,
,,,,,,,
,,,,,,,
,,,,,,,
,,,,,,,
,,,,,,,
,,,,,,,
,,,,,,,
,,,,,,,
,,,,,,,
,,,,,,,
,,,,,,,
,,,,,,,
,,,,,,,
,,,,,,,
,,,,,,,
,,,,,,,
,,,,,,,
,,,,,,,
,,,,,,,
,,,,,,,
,,,,,,,
,,,,,,,
,,,,,,,
,,,,,,,
,,,,,,,
,,,,,,,
,,,,,,,
,,,,,,,
,,,,,,,
,,,,,,,
,,,,,,,
,,,,,,,
,,,,,,,
,,,,,,,
,,,,,,,
,,,,,,,
,,,,,,,
,,,,,,,
,,,,,,,
,,,,,,,
,,,,,,,
,,,,,,,
,,,,,,,
,,,,,,,
,,,,,,,
,,,,,,,
,,,,,,,
,,,,,,,
,,,,,,,
,,,,,,,
,,,,,,,
,,,,,,,
,,,,,,,
,,,,,,,
,,,,,,,
,,,,,,,
,,,,,,,
,,,,,,,
,,,,,,,
,,,,,,,
,,,,,,,
,,,,,,,
,,,,,,,
,,,,,,,
,,,,,,,
,,,,,,,
,,,,,,,
,,,,,,,
,,,,,,,
,,,,,,,
,,,,,,,
,,,,,,,
